Peer 0
0000000000 21 20 [ 0.20137098 34.18551507 60.31592068 33.36265965 31.19507747 48.87105402
 80.26127671 93.89285607 59.37892057 54.89059855 10.09066281 17.16046486
  1.01858856 77.30336306 69.03264058 29.00227344 83.28893556 28.91855006
 38.57209413 31.94158072]
0014000001 2 1 [  0.20137098  34.18551507  60.31592068  33.36265965  31.19507747
  48.87105402  80.26127671  93.89285607  59.37892057  54.89059855
  10.09066281  17.16046486   1.01858856  77.30336306 119.03264058
  29.00227344  83.28893556  28.91855006  38.57209413  31.94158072]
0005000002 1000 999 [ 29.90086818  32.97393585  53.06588851  28.5362749   34.7320309
  87.71948878  68.3699913   88.49637502  47.14855899  45.48207451
  24.51615803  23.13747234  24.05008017  71.39312361 120.4208663
  27.14527765  86.64645757  19.60495606  39.6567631   29.88776177]
0013000003 1000 999 [ 30.51932923  33.17717637  49.88504752  28.88763031  32.91397845
  87.6528914   53.66042645  85.64361692  48.76379378  46.33664673
  22.8891681   26.19703867  23.83032886 124.43020156 123.94316786
  21.03172589  90.0174951   21.80277069  40.67847039  40.62349922]
0005000004 1000 999 [ 26.07205652  39.47154184  39.90729824  31.5322233   40.14127575
 150.50351867  49.64321207  87.5254203   47.73233053  46.21993243
  25.18208469  23.31687758  24.81124708 118.69744756 114.14078824
  23.82672029  94.25807438  25.16394972  39.8034196   34.93498473]
0004000005 1000 999 [ 29.79023541  47.22492615  33.58950506  27.34356271  99.90512132
 161.57623572  48.14640389  84.72941639  42.2744981   49.42924281
  25.82863267  28.84529167  27.02009163 117.01566354  96.43410634
  27.01268801  95.85718575  29.31388008  32.73639557  28.81132072]
0015000006 1000 999 [ 41.21387602  48.58675601  41.03175016  21.73470594 105.27655522
 163.45847723  36.19828974  86.75653275  46.96179075  48.81865746
  29.23851213  26.87737346  30.56869072 106.1639381   88.33306045
  73.43630733 102.79099663  34.17482381  29.6312167   21.63209293]
0008000007 1000 999 [ 42.79608727  52.13180495  36.31356725  21.82515277 109.134712
 165.19259574  24.376237    85.45724671  97.37746906  48.92680441
  23.34417595  23.65657103  31.32746681 104.16051412  96.77094203
  71.1538249  112.61072029  27.51829242  30.61004846  28.20017035]
0019000008 1000 999 [ 42.29629624  55.74687376  33.11304922  23.14392631 113.08691565
 166.10568242  22.93506827  86.08928466  95.46811828  47.98480633
  17.22395129  22.97670458  31.21054463  99.28152231 105.85120553
  67.13226278 124.07114269  21.42958361  29.5228004   78.21466458]
0007000009 1000 999 [ 51.08313293  58.07071235  30.84687325  22.31723979 110.28454354
 164.36528436  20.67588293 143.42928034  93.37868939  45.25527619
  20.04926486  22.36038202  27.87746547  96.2889073  116.18639274
  61.63892445 118.14488663  24.73640181  32.62975132  73.26511188]
0010000010 1000 999 [ 60.95435274  60.72823669  27.91981294  22.15143759 106.85637589
 162.62488629  20.54343362 151.72298789  91.28926049  43.79899462
  69.8140656   22.34315149  24.5443863   93.19551915 126.52157994
  55.02196539 111.61953855  27.11810893  35.80075024  68.31555918]
0000000011 1000 999 [121.93931285  61.94006097  25.39560101  22.0610622  107.18028869
 159.34553189  26.98857278 158.45588313  87.58092293  43.1544953
  62.24778304  22.14235809  25.16218444  91.2103311  130.98813279
  50.85256532 107.46217453  25.903223    39.47077934  63.40314011]
0002000012 1000 999 [132.92427297  63.26972065  75.37425435  22.05519858 107.36055883
 157.72616569  26.95260178 165.18877838  84.12451984  43.07584672
  54.71064342  23.14483453  26.4180196   89.22514306 134.06924685
  47.67245343 103.78899954  24.52572726  42.68773496  58.58968308]
0003000013 1000 999 [139.96665563  59.19406424  71.3916121   73.21631393 106.15353328
 156.55485916  25.36180729 162.9822641   80.44131047  45.98899547
  47.17568523  31.26503926  29.32469924  91.71697652 151.8940755
  47.91997082 102.85159187  23.94142271  38.27609471  47.26743199]
0014000014 1000 999 [147.91841433  55.07216764  67.41419124  63.68855216 101.87536807
 156.42325043  26.39483003 161.09398191  78.6170173   50.02302171
  39.57084614  38.31912636  32.2220924   92.55808669 219.01717707
  50.92335659 105.20219721  22.39439547  35.26351602  38.89281474]
0005000015 1000 999 [154.32295544  54.56661082  63.14839511  53.9733459   99.17331968
 206.25356516  24.9617602  165.10919296  75.55365954  54.12525711
  33.67782151  40.74607902  31.46318171  94.81275692 230.50012032
  53.15310172 109.38425504  24.16398536  29.43295071  34.3620893 ]
0008000016 1000 999 [154.0507006   53.59034514  58.78745225  45.31097561  89.78765189
 211.34796864  34.34444783 164.6418606  125.38668532  57.37496813
  27.44756706  41.9681517   27.61290537  99.42176375 238.96751822
  51.99564933 118.57960613  20.52443698  26.41105325  35.33269573]
0013000017 1000 999 [161.17991013  52.97209058  56.07976858  36.54182475  85.64731144
 212.43147172  27.13279024 168.42998301 123.15395683  64.49905137
  23.39543547  42.45132796  25.50351326 150.66752868 252.54220084
  54.35956017 121.32059398  23.53254198  22.8632939   28.18024865]
Peer 1
0000000000 21 20 [ 0.20137098 34.18551507 60.31592068 33.36265965 31.19507747 48.87105402
 80.26127671 93.89285607 59.37892057 54.89059855 10.09066281 17.16046486
  1.01858856 77.30336306 69.03264058 29.00227344 83.28893556 28.91855006
 38.57209413 31.94158072]
0014000001 2 1 [  0.20137098  34.18551507  60.31592068  33.36265965  31.19507747
  48.87105402  80.26127671  93.89285607  59.37892057  54.89059855
  10.09066281  17.16046486   1.01858856  77.30336306 119.03264058
  29.00227344  83.28893556  28.91855006  38.57209413  31.94158072]
0005000002 1000 999 [ 29.90086818  32.97393585  53.06588851  28.5362749   34.7320309
  87.71948878  68.3699913   88.49637502  47.14855899  45.48207451
  24.51615803  23.13747234  24.05008017  71.39312361 120.4208663
  27.14527765  86.64645757  19.60495606  39.6567631   29.88776177]
0013000003 1000 999 [ 30.51932923  33.17717637  49.88504752  28.88763031  32.91397845
  87.6528914   53.66042645  85.64361692  48.76379378  46.33664673
  22.8891681   26.19703867  23.83032886 124.43020156 123.94316786
  21.03172589  90.0174951   21.80277069  40.67847039  40.62349922]
0005000004 1000 999 [ 26.07205652  39.47154184  39.90729824  31.5322233   40.14127575
 150.50351867  49.64321207  87.5254203   47.73233053  46.21993243
  25.18208469  23.31687758  24.81124708 118.69744756 114.14078824
  23.82672029  94.25807438  25.16394972  39.8034196   34.93498473]
0004000005 1000 999 [ 29.79023541  47.22492615  33.58950506  27.34356271  99.90512132
 161.57623572  48.14640389  84.72941639  42.2744981   49.42924281
  25.82863267  28.84529167  27.02009163 117.01566354  96.43410634
  27.01268801  95.85718575  29.31388008  32.73639557  28.81132072]
0015000006 1000 999 [ 41.21387602  48.58675601  41.03175016  21.73470594 105.27655522
 163.45847723  36.19828974  86.75653275  46.96179075  48.81865746
  29.23851213  26.87737346  30.56869072 106.1639381   88.33306045
  73.43630733 102.79099663  34.17482381  29.6312167   21.63209293]
0008000007 1000 999 [ 42.79608727  52.13180495  36.31356725  21.82515277 109.134712
 165.19259574  24.376237    85.45724671  97.37746906  48.92680441
  23.34417595  23.65657103  31.32746681 104.16051412  96.77094203
  71.1538249  112.61072029  27.51829242  30.61004846  28.20017035]
0019000008 1000 999 [ 42.29629624  55.74687376  33.11304922  23.14392631 113.08691565
 166.10568242  22.93506827  86.08928466  95.46811828  47.98480633
  17.22395129  22.97670458  31.21054463  99.28152231 105.85120553
  67.13226278 124.07114269  21.42958361  29.5228004   78.21466458]
0007000009 1000 999 [ 51.08313293  58.07071235  30.84687325  22.31723979 110.28454354
 164.36528436  20.67588293 143.42928034  93.37868939  45.25527619
  20.04926486  22.36038202  27.87746547  96.2889073  116.18639274
  61.63892445 118.14488663  24.73640181  32.62975132  73.26511188]
0010000010 1000 999 [ 60.95435274  60.72823669  27.91981294  22.15143759 106.85637589
 162.62488629  20.54343362 151.72298789  91.28926049  43.79899462
  69.8140656   22.34315149  24.5443863   93.19551915 126.52157994
  55.02196539 111.61953855  27.11810893  35.80075024  68.31555918]
0000000011 1000 999 [121.93931285  61.94006097  25.39560101  22.0610622  107.18028869
 159.34553189  26.98857278 158.45588313  87.58092293  43.1544953
  62.24778304  22.14235809  25.16218444  91.2103311  130.98813279
  50.85256532 107.46217453  25.903223    39.47077934  63.40314011]
0002000012 1000 999 [132.92427297  63.26972065  75.37425435  22.05519858 107.36055883
 157.72616569  26.95260178 165.18877838  84.12451984  43.07584672
  54.71064342  23.14483453  26.4180196   89.22514306 134.06924685
  47.67245343 103.78899954  24.52572726  42.68773496  58.58968308]
0003000013 1000 999 [139.96665563  59.19406424  71.3916121   73.21631393 106.15353328
 156.55485916  25.36180729 162.9822641   80.44131047  45.98899547
  47.17568523  31.26503926  29.32469924  91.71697652 151.8940755
  47.91997082 102.85159187  23.94142271  38.27609471  47.26743199]
0014000014 1000 999 [147.91841433  55.07216764  67.41419124  63.68855216 101.87536807
 156.42325043  26.39483003 161.09398191  78.6170173   50.02302171
  39.57084614  38.31912636  32.2220924   92.55808669 219.01717707
  50.92335659 105.20219721  22.39439547  35.26351602  38.89281474]
0005000015 1000 999 [154.32295544  54.56661082  63.14839511  53.9733459   99.17331968
 206.25356516  24.9617602  165.10919296  75.55365954  54.12525711
  33.67782151  40.74607902  31.46318171  94.81275692 230.50012032
  53.15310172 109.38425504  24.16398536  29.43295071  34.3620893 ]
0008000016 1000 999 [154.0507006   53.59034514  58.78745225  45.31097561  89.78765189
 211.34796864  34.34444783 164.6418606  125.38668532  57.37496813
  27.44756706  41.9681517   27.61290537  99.42176375 238.96751822
  51.99564933 118.57960613  20.52443698  26.41105325  35.33269573]
0013000017 1000 999 [161.17991013  52.97209058  56.07976858  36.54182475  85.64731144
 212.43147172  27.13279024 168.42998301 123.15395683  64.49905137
  23.39543547  42.45132796  25.50351326 150.66752868 252.54220084
  54.35956017 121.32059398  23.53254198  22.8632939   28.18024865]
Peer 2
0000000000 21 20 [ 0.20137098 34.18551507 60.31592068 33.36265965 31.19507747 48.87105402
 80.26127671 93.89285607 59.37892057 54.89059855 10.09066281 17.16046486
  1.01858856 77.30336306 69.03264058 29.00227344 83.28893556 28.91855006
 38.57209413 31.94158072]
0014000001 2 1 [  0.20137098  34.18551507  60.31592068  33.36265965  31.19507747
  48.87105402  80.26127671  93.89285607  59.37892057  54.89059855
  10.09066281  17.16046486   1.01858856  77.30336306 119.03264058
  29.00227344  83.28893556  28.91855006  38.57209413  31.94158072]
0005000002 1000 999 [ 29.90086818  32.97393585  53.06588851  28.5362749   34.7320309
  87.71948878  68.3699913   88.49637502  47.14855899  45.48207451
  24.51615803  23.13747234  24.05008017  71.39312361 120.4208663
  27.14527765  86.64645757  19.60495606  39.6567631   29.88776177]
0013000003 1000 999 [ 30.51932923  33.17717637  49.88504752  28.88763031  32.91397845
  87.6528914   53.66042645  85.64361692  48.76379378  46.33664673
  22.8891681   26.19703867  23.83032886 124.43020156 123.94316786
  21.03172589  90.0174951   21.80277069  40.67847039  40.62349922]
0005000004 1000 999 [ 26.07205652  39.47154184  39.90729824  31.5322233   40.14127575
 150.50351867  49.64321207  87.5254203   47.73233053  46.21993243
  25.18208469  23.31687758  24.81124708 118.69744756 114.14078824
  23.82672029  94.25807438  25.16394972  39.8034196   34.93498473]
0004000005 1000 999 [ 29.79023541  47.22492615  33.58950506  27.34356271  99.90512132
 161.57623572  48.14640389  84.72941639  42.2744981   49.42924281
  25.82863267  28.84529167  27.02009163 117.01566354  96.43410634
  27.01268801  95.85718575  29.31388008  32.73639557  28.81132072]
0015000006 1000 999 [ 41.21387602  48.58675601  41.03175016  21.73470594 105.27655522
 163.45847723  36.19828974  86.75653275  46.96179075  48.81865746
  29.23851213  26.87737346  30.56869072 106.1639381   88.33306045
  73.43630733 102.79099663  34.17482381  29.6312167   21.63209293]
0008000007 1000 999 [ 42.79608727  52.13180495  36.31356725  21.82515277 109.134712
 165.19259574  24.376237    85.45724671  97.37746906  48.92680441
  23.34417595  23.65657103  31.32746681 104.16051412  96.77094203
  71.1538249  112.61072029  27.51829242  30.61004846  28.20017035]
0019000008 1000 999 [ 42.29629624  55.74687376  33.11304922  23.14392631 113.08691565
 166.10568242  22.93506827  86.08928466  95.46811828  47.98480633
  17.22395129  22.97670458  31.21054463  99.28152231 105.85120553
  67.13226278 124.07114269  21.42958361  29.5228004   78.21466458]
0007000009 1000 999 [ 51.08313293  58.07071235  30.84687325  22.31723979 110.28454354
 164.36528436  20.67588293 143.42928034  93.37868939  45.25527619
  20.04926486  22.36038202  27.87746547  96.2889073  116.18639274
  61.63892445 118.14488663  24.73640181  32.62975132  73.26511188]
0010000010 1000 999 [ 60.95435274  60.72823669  27.91981294  22.15143759 106.85637589
 162.62488629  20.54343362 151.72298789  91.28926049  43.79899462
  69.8140656   22.34315149  24.5443863   93.19551915 126.52157994
  55.02196539 111.61953855  27.11810893  35.80075024  68.31555918]
0000000011 1000 999 [121.93931285  61.94006097  25.39560101  22.0610622  107.18028869
 159.34553189  26.98857278 158.45588313  87.58092293  43.1544953
  62.24778304  22.14235809  25.16218444  91.2103311  130.98813279
  50.85256532 107.46217453  25.903223    39.47077934  63.40314011]
0002000012 1000 999 [132.92427297  63.26972065  75.37425435  22.05519858 107.36055883
 157.72616569  26.95260178 165.18877838  84.12451984  43.07584672
  54.71064342  23.14483453  26.4180196   89.22514306 134.06924685
  47.67245343 103.78899954  24.52572726  42.68773496  58.58968308]
0003000013 1000 999 [139.96665563  59.19406424  71.3916121   73.21631393 106.15353328
 156.55485916  25.36180729 162.9822641   80.44131047  45.98899547
  47.17568523  31.26503926  29.32469924  91.71697652 151.8940755
  47.91997082 102.85159187  23.94142271  38.27609471  47.26743199]
0014000014 1000 999 [147.91841433  55.07216764  67.41419124  63.68855216 101.87536807
 156.42325043  26.39483003 161.09398191  78.6170173   50.02302171
  39.57084614  38.31912636  32.2220924   92.55808669 219.01717707
  50.92335659 105.20219721  22.39439547  35.26351602  38.89281474]
0005000015 1000 999 [154.32295544  54.56661082  63.14839511  53.9733459   99.17331968
 206.25356516  24.9617602  165.10919296  75.55365954  54.12525711
  33.67782151  40.74607902  31.46318171  94.81275692 230.50012032
  53.15310172 109.38425504  24.16398536  29.43295071  34.3620893 ]
0008000016 1000 999 [154.0507006   53.59034514  58.78745225  45.31097561  89.78765189
 211.34796864  34.34444783 164.6418606  125.38668532  57.37496813
  27.44756706  41.9681517   27.61290537  99.42176375 238.96751822
  51.99564933 118.57960613  20.52443698  26.41105325  35.33269573]
0013000017 1000 999 [161.17991013  52.97209058  56.07976858  36.54182475  85.64731144
 212.43147172  27.13279024 168.42998301 123.15395683  64.49905137
  23.39543547  42.45132796  25.50351326 150.66752868 252.54220084
  54.35956017 121.32059398  23.53254198  22.8632939   28.18024865]
Peer 3
0000000000 21 20 [ 0.20137098 34.18551507 60.31592068 33.36265965 31.19507747 48.87105402
 80.26127671 93.89285607 59.37892057 54.89059855 10.09066281 17.16046486
  1.01858856 77.30336306 69.03264058 29.00227344 83.28893556 28.91855006
 38.57209413 31.94158072]
0014000001 2 1 [  0.20137098  34.18551507  60.31592068  33.36265965  31.19507747
  48.87105402  80.26127671  93.89285607  59.37892057  54.89059855
  10.09066281  17.16046486   1.01858856  77.30336306 119.03264058
  29.00227344  83.28893556  28.91855006  38.57209413  31.94158072]
0005000002 1000 999 [ 29.90086818  32.97393585  53.06588851  28.5362749   34.7320309
  87.71948878  68.3699913   88.49637502  47.14855899  45.48207451
  24.51615803  23.13747234  24.05008017  71.39312361 120.4208663
  27.14527765  86.64645757  19.60495606  39.6567631   29.88776177]
0013000003 1000 999 [ 30.51932923  33.17717637  49.88504752  28.88763031  32.91397845
  87.6528914   53.66042645  85.64361692  48.76379378  46.33664673
  22.8891681   26.19703867  23.83032886 124.43020156 123.94316786
  21.03172589  90.0174951   21.80277069  40.67847039  40.62349922]
0005000004 1000 999 [ 26.07205652  39.47154184  39.90729824  31.5322233   40.14127575
 150.50351867  49.64321207  87.5254203   47.73233053  46.21993243
  25.18208469  23.31687758  24.81124708 118.69744756 114.14078824
  23.82672029  94.25807438  25.16394972  39.8034196   34.93498473]
0004000005 1000 999 [ 29.79023541  47.22492615  33.58950506  27.34356271  99.90512132
 161.57623572  48.14640389  84.72941639  42.2744981   49.42924281
  25.82863267  28.84529167  27.02009163 117.01566354  96.43410634
  27.01268801  95.85718575  29.31388008  32.73639557  28.81132072]
0015000006 1000 999 [ 41.21387602  48.58675601  41.03175016  21.73470594 105.27655522
 163.45847723  36.19828974  86.75653275  46.96179075  48.81865746
  29.23851213  26.87737346  30.56869072 106.1639381   88.33306045
  73.43630733 102.79099663  34.17482381  29.6312167   21.63209293]
0008000007 1000 999 [ 42.79608727  52.13180495  36.31356725  21.82515277 109.134712
 165.19259574  24.376237    85.45724671  97.37746906  48.92680441
  23.34417595  23.65657103  31.32746681 104.16051412  96.77094203
  71.1538249  112.61072029  27.51829242  30.61004846  28.20017035]
0019000008 1000 999 [ 42.29629624  55.74687376  33.11304922  23.14392631 113.08691565
 166.10568242  22.93506827  86.08928466  95.46811828  47.98480633
  17.22395129  22.97670458  31.21054463  99.28152231 105.85120553
  67.13226278 124.07114269  21.42958361  29.5228004   78.21466458]
0007000009 1000 999 [ 51.08313293  58.07071235  30.84687325  22.31723979 110.28454354
 164.36528436  20.67588293 143.42928034  93.37868939  45.25527619
  20.04926486  22.36038202  27.87746547  96.2889073  116.18639274
  61.63892445 118.14488663  24.73640181  32.62975132  73.26511188]
0010000010 1000 999 [ 60.95435274  60.72823669  27.91981294  22.15143759 106.85637589
 162.62488629  20.54343362 151.72298789  91.28926049  43.79899462
  69.8140656   22.34315149  24.5443863   93.19551915 126.52157994
  55.02196539 111.61953855  27.11810893  35.80075024  68.31555918]
0000000011 1000 999 [121.93931285  61.94006097  25.39560101  22.0610622  107.18028869
 159.34553189  26.98857278 158.45588313  87.58092293  43.1544953
  62.24778304  22.14235809  25.16218444  91.2103311  130.98813279
  50.85256532 107.46217453  25.903223    39.47077934  63.40314011]
0002000012 1000 999 [132.92427297  63.26972065  75.37425435  22.05519858 107.36055883
 157.72616569  26.95260178 165.18877838  84.12451984  43.07584672
  54.71064342  23.14483453  26.4180196   89.22514306 134.06924685
  47.67245343 103.78899954  24.52572726  42.68773496  58.58968308]
0003000013 1000 999 [139.96665563  59.19406424  71.3916121   73.21631393 106.15353328
 156.55485916  25.36180729 162.9822641   80.44131047  45.98899547
  47.17568523  31.26503926  29.32469924  91.71697652 151.8940755
  47.91997082 102.85159187  23.94142271  38.27609471  47.26743199]
0014000014 1000 999 [147.91841433  55.07216764  67.41419124  63.68855216 101.87536807
 156.42325043  26.39483003 161.09398191  78.6170173   50.02302171
  39.57084614  38.31912636  32.2220924   92.55808669 219.01717707
  50.92335659 105.20219721  22.39439547  35.26351602  38.89281474]
0005000015 1000 999 [154.32295544  54.56661082  63.14839511  53.9733459   99.17331968
 206.25356516  24.9617602  165.10919296  75.55365954  54.12525711
  33.67782151  40.74607902  31.46318171  94.81275692 230.50012032
  53.15310172 109.38425504  24.16398536  29.43295071  34.3620893 ]
0008000016 1000 999 [154.0507006   53.59034514  58.78745225  45.31097561  89.78765189
 211.34796864  34.34444783 164.6418606  125.38668532  57.37496813
  27.44756706  41.9681517   27.61290537  99.42176375 238.96751822
  51.99564933 118.57960613  20.52443698  26.41105325  35.33269573]
0013000017 1000 999 [161.17991013  52.97209058  56.07976858  36.54182475  85.64731144
 212.43147172  27.13279024 168.42998301 123.15395683  64.49905137
  23.39543547  42.45132796  25.50351326 150.66752868 252.54220084
  54.35956017 121.32059398  23.53254198  22.8632939   28.18024865]
Peer 4
0000000000 21 20 [ 0.20137098 34.18551507 60.31592068 33.36265965 31.19507747 48.87105402
 80.26127671 93.89285607 59.37892057 54.89059855 10.09066281 17.16046486
  1.01858856 77.30336306 69.03264058 29.00227344 83.28893556 28.91855006
 38.57209413 31.94158072]
0014000001 2 1 [  0.20137098  34.18551507  60.31592068  33.36265965  31.19507747
  48.87105402  80.26127671  93.89285607  59.37892057  54.89059855
  10.09066281  17.16046486   1.01858856  77.30336306 119.03264058
  29.00227344  83.28893556  28.91855006  38.57209413  31.94158072]
0005000002 1000 999 [ 29.90086818  32.97393585  53.06588851  28.5362749   34.7320309
  87.71948878  68.3699913   88.49637502  47.14855899  45.48207451
  24.51615803  23.13747234  24.05008017  71.39312361 120.4208663
  27.14527765  86.64645757  19.60495606  39.6567631   29.88776177]
0013000003 1000 999 [ 30.51932923  33.17717637  49.88504752  28.88763031  32.91397845
  87.6528914   53.66042645  85.64361692  48.76379378  46.33664673
  22.8891681   26.19703867  23.83032886 124.43020156 123.94316786
  21.03172589  90.0174951   21.80277069  40.67847039  40.62349922]
0005000004 1000 999 [ 26.07205652  39.47154184  39.90729824  31.5322233   40.14127575
 150.50351867  49.64321207  87.5254203   47.73233053  46.21993243
  25.18208469  23.31687758  24.81124708 118.69744756 114.14078824
  23.82672029  94.25807438  25.16394972  39.8034196   34.93498473]
0004000005 1000 999 [ 29.79023541  47.22492615  33.58950506  27.34356271  99.90512132
 161.57623572  48.14640389  84.72941639  42.2744981   49.42924281
  25.82863267  28.84529167  27.02009163 117.01566354  96.43410634
  27.01268801  95.85718575  29.31388008  32.73639557  28.81132072]
0015000006 1000 999 [ 41.21387602  48.58675601  41.03175016  21.73470594 105.27655522
 163.45847723  36.19828974  86.75653275  46.96179075  48.81865746
  29.23851213  26.87737346  30.56869072 106.1639381   88.33306045
  73.43630733 102.79099663  34.17482381  29.6312167   21.63209293]
0008000007 1000 999 [ 42.79608727  52.13180495  36.31356725  21.82515277 109.134712
 165.19259574  24.376237    85.45724671  97.37746906  48.92680441
  23.34417595  23.65657103  31.32746681 104.16051412  96.77094203
  71.1538249  112.61072029  27.51829242  30.61004846  28.20017035]
0019000008 1000 999 [ 42.29629624  55.74687376  33.11304922  23.14392631 113.08691565
 166.10568242  22.93506827  86.08928466  95.46811828  47.98480633
  17.22395129  22.97670458  31.21054463  99.28152231 105.85120553
  67.13226278 124.07114269  21.42958361  29.5228004   78.21466458]
0007000009 1000 999 [ 51.08313293  58.07071235  30.84687325  22.31723979 110.28454354
 164.36528436  20.67588293 143.42928034  93.37868939  45.25527619
  20.04926486  22.36038202  27.87746547  96.2889073  116.18639274
  61.63892445 118.14488663  24.73640181  32.62975132  73.26511188]
0010000010 1000 999 [ 60.95435274  60.72823669  27.91981294  22.15143759 106.85637589
 162.62488629  20.54343362 151.72298789  91.28926049  43.79899462
  69.8140656   22.34315149  24.5443863   93.19551915 126.52157994
  55.02196539 111.61953855  27.11810893  35.80075024  68.31555918]
0000000011 1000 999 [121.93931285  61.94006097  25.39560101  22.0610622  107.18028869
 159.34553189  26.98857278 158.45588313  87.58092293  43.1544953
  62.24778304  22.14235809  25.16218444  91.2103311  130.98813279
  50.85256532 107.46217453  25.903223    39.47077934  63.40314011]
0002000012 1000 999 [132.92427297  63.26972065  75.37425435  22.05519858 107.36055883
 157.72616569  26.95260178 165.18877838  84.12451984  43.07584672
  54.71064342  23.14483453  26.4180196   89.22514306 134.06924685
  47.67245343 103.78899954  24.52572726  42.68773496  58.58968308]
0003000013 1000 999 [139.96665563  59.19406424  71.3916121   73.21631393 106.15353328
 156.55485916  25.36180729 162.9822641   80.44131047  45.98899547
  47.17568523  31.26503926  29.32469924  91.71697652 151.8940755
  47.91997082 102.85159187  23.94142271  38.27609471  47.26743199]
0014000014 1000 999 [147.91841433  55.07216764  67.41419124  63.68855216 101.87536807
 156.42325043  26.39483003 161.09398191  78.6170173   50.02302171
  39.57084614  38.31912636  32.2220924   92.55808669 219.01717707
  50.92335659 105.20219721  22.39439547  35.26351602  38.89281474]
0005000015 1000 999 [154.32295544  54.56661082  63.14839511  53.9733459   99.17331968
 206.25356516  24.9617602  165.10919296  75.55365954  54.12525711
  33.67782151  40.74607902  31.46318171  94.81275692 230.50012032
  53.15310172 109.38425504  24.16398536  29.43295071  34.3620893 ]
0008000016 1000 999 [154.0507006   53.59034514  58.78745225  45.31097561  89.78765189
 211.34796864  34.34444783 164.6418606  125.38668532  57.37496813
  27.44756706  41.9681517   27.61290537  99.42176375 238.96751822
  51.99564933 118.57960613  20.52443698  26.41105325  35.33269573]
0013000017 1000 999 [161.17991013  52.97209058  56.07976858  36.54182475  85.64731144
 212.43147172  27.13279024 168.42998301 123.15395683  64.49905137
  23.39543547  42.45132796  25.50351326 150.66752868 252.54220084
  54.35956017 121.32059398  23.53254198  22.8632939   28.18024865]
Peer 5
0000000000 21 20 [ 0.20137098 34.18551507 60.31592068 33.36265965 31.19507747 48.87105402
 80.26127671 93.89285607 59.37892057 54.89059855 10.09066281 17.16046486
  1.01858856 77.30336306 69.03264058 29.00227344 83.28893556 28.91855006
 38.57209413 31.94158072]
0014000001 2 1 [  0.20137098  34.18551507  60.31592068  33.36265965  31.19507747
  48.87105402  80.26127671  93.89285607  59.37892057  54.89059855
  10.09066281  17.16046486   1.01858856  77.30336306 119.03264058
  29.00227344  83.28893556  28.91855006  38.57209413  31.94158072]
0005000002 1000 999 [ 29.90086818  32.97393585  53.06588851  28.5362749   34.7320309
  87.71948878  68.3699913   88.49637502  47.14855899  45.48207451
  24.51615803  23.13747234  24.05008017  71.39312361 120.4208663
  27.14527765  86.64645757  19.60495606  39.6567631   29.88776177]
0013000003 1000 999 [ 30.51932923  33.17717637  49.88504752  28.88763031  32.91397845
  87.6528914   53.66042645  85.64361692  48.76379378  46.33664673
  22.8891681   26.19703867  23.83032886 124.43020156 123.94316786
  21.03172589  90.0174951   21.80277069  40.67847039  40.62349922]
0005000004 1000 999 [ 26.07205652  39.47154184  39.90729824  31.5322233   40.14127575
 150.50351867  49.64321207  87.5254203   47.73233053  46.21993243
  25.18208469  23.31687758  24.81124708 118.69744756 114.14078824
  23.82672029  94.25807438  25.16394972  39.8034196   34.93498473]
0004000005 1000 999 [ 29.79023541  47.22492615  33.58950506  27.34356271  99.90512132
 161.57623572  48.14640389  84.72941639  42.2744981   49.42924281
  25.82863267  28.84529167  27.02009163 117.01566354  96.43410634
  27.01268801  95.85718575  29.31388008  32.73639557  28.81132072]
0015000006 1000 999 [ 41.21387602  48.58675601  41.03175016  21.73470594 105.27655522
 163.45847723  36.19828974  86.75653275  46.96179075  48.81865746
  29.23851213  26.87737346  30.56869072 106.1639381   88.33306045
  73.43630733 102.79099663  34.17482381  29.6312167   21.63209293]
0008000007 1000 999 [ 42.79608727  52.13180495  36.31356725  21.82515277 109.134712
 165.19259574  24.376237    85.45724671  97.37746906  48.92680441
  23.34417595  23.65657103  31.32746681 104.16051412  96.77094203
  71.1538249  112.61072029  27.51829242  30.61004846  28.20017035]
0019000008 1000 999 [ 42.29629624  55.74687376  33.11304922  23.14392631 113.08691565
 166.10568242  22.93506827  86.08928466  95.46811828  47.98480633
  17.22395129  22.97670458  31.21054463  99.28152231 105.85120553
  67.13226278 124.07114269  21.42958361  29.5228004   78.21466458]
0007000009 1000 999 [ 51.08313293  58.07071235  30.84687325  22.31723979 110.28454354
 164.36528436  20.67588293 143.42928034  93.37868939  45.25527619
  20.04926486  22.36038202  27.87746547  96.2889073  116.18639274
  61.63892445 118.14488663  24.73640181  32.62975132  73.26511188]
0010000010 1000 999 [ 60.95435274  60.72823669  27.91981294  22.15143759 106.85637589
 162.62488629  20.54343362 151.72298789  91.28926049  43.79899462
  69.8140656   22.34315149  24.5443863   93.19551915 126.52157994
  55.02196539 111.61953855  27.11810893  35.80075024  68.31555918]
0000000011 1000 999 [121.93931285  61.94006097  25.39560101  22.0610622  107.18028869
 159.34553189  26.98857278 158.45588313  87.58092293  43.1544953
  62.24778304  22.14235809  25.16218444  91.2103311  130.98813279
  50.85256532 107.46217453  25.903223    39.47077934  63.40314011]
0002000012 1000 999 [132.92427297  63.26972065  75.37425435  22.05519858 107.36055883
 157.72616569  26.95260178 165.18877838  84.12451984  43.07584672
  54.71064342  23.14483453  26.4180196   89.22514306 134.06924685
  47.67245343 103.78899954  24.52572726  42.68773496  58.58968308]
0003000013 1000 999 [139.96665563  59.19406424  71.3916121   73.21631393 106.15353328
 156.55485916  25.36180729 162.9822641   80.44131047  45.98899547
  47.17568523  31.26503926  29.32469924  91.71697652 151.8940755
  47.91997082 102.85159187  23.94142271  38.27609471  47.26743199]
0014000014 1000 999 [147.91841433  55.07216764  67.41419124  63.68855216 101.87536807
 156.42325043  26.39483003 161.09398191  78.6170173   50.02302171
  39.57084614  38.31912636  32.2220924   92.55808669 219.01717707
  50.92335659 105.20219721  22.39439547  35.26351602  38.89281474]
0005000015 1000 999 [154.32295544  54.56661082  63.14839511  53.9733459   99.17331968
 206.25356516  24.9617602  165.10919296  75.55365954  54.12525711
  33.67782151  40.74607902  31.46318171  94.81275692 230.50012032
  53.15310172 109.38425504  24.16398536  29.43295071  34.3620893 ]
0008000016 1000 999 [154.0507006   53.59034514  58.78745225  45.31097561  89.78765189
 211.34796864  34.34444783 164.6418606  125.38668532  57.37496813
  27.44756706  41.9681517   27.61290537  99.42176375 238.96751822
  51.99564933 118.57960613  20.52443698  26.41105325  35.33269573]
0013000017 1000 999 [161.17991013  52.97209058  56.07976858  36.54182475  85.64731144
 212.43147172  27.13279024 168.42998301 123.15395683  64.49905137
  23.39543547  42.45132796  25.50351326 150.66752868 252.54220084
  54.35956017 121.32059398  23.53254198  22.8632939   28.18024865]
Peer 6
0000000000 21 20 [ 0.20137098 34.18551507 60.31592068 33.36265965 31.19507747 48.87105402
 80.26127671 93.89285607 59.37892057 54.89059855 10.09066281 17.16046486
  1.01858856 77.30336306 69.03264058 29.00227344 83.28893556 28.91855006
 38.57209413 31.94158072]
0014000001 2 1 [  0.20137098  34.18551507  60.31592068  33.36265965  31.19507747
  48.87105402  80.26127671  93.89285607  59.37892057  54.89059855
  10.09066281  17.16046486   1.01858856  77.30336306 119.03264058
  29.00227344  83.28893556  28.91855006  38.57209413  31.94158072]
0005000002 1000 999 [ 29.90086818  32.97393585  53.06588851  28.5362749   34.7320309
  87.71948878  68.3699913   88.49637502  47.14855899  45.48207451
  24.51615803  23.13747234  24.05008017  71.39312361 120.4208663
  27.14527765  86.64645757  19.60495606  39.6567631   29.88776177]
0013000003 1000 999 [ 30.51932923  33.17717637  49.88504752  28.88763031  32.91397845
  87.6528914   53.66042645  85.64361692  48.76379378  46.33664673
  22.8891681   26.19703867  23.83032886 124.43020156 123.94316786
  21.03172589  90.0174951   21.80277069  40.67847039  40.62349922]
0005000004 1000 999 [ 26.07205652  39.47154184  39.90729824  31.5322233   40.14127575
 150.50351867  49.64321207  87.5254203   47.73233053  46.21993243
  25.18208469  23.31687758  24.81124708 118.69744756 114.14078824
  23.82672029  94.25807438  25.16394972  39.8034196   34.93498473]
0004000005 1000 999 [ 29.79023541  47.22492615  33.58950506  27.34356271  99.90512132
 161.57623572  48.14640389  84.72941639  42.2744981   49.42924281
  25.82863267  28.84529167  27.02009163 117.01566354  96.43410634
  27.01268801  95.85718575  29.31388008  32.73639557  28.81132072]
0015000006 1000 999 [ 41.21387602  48.58675601  41.03175016  21.73470594 105.27655522
 163.45847723  36.19828974  86.75653275  46.96179075  48.81865746
  29.23851213  26.87737346  30.56869072 106.1639381   88.33306045
  73.43630733 102.79099663  34.17482381  29.6312167   21.63209293]
0008000007 1000 999 [ 42.79608727  52.13180495  36.31356725  21.82515277 109.134712
 165.19259574  24.376237    85.45724671  97.37746906  48.92680441
  23.34417595  23.65657103  31.32746681 104.16051412  96.77094203
  71.1538249  112.61072029  27.51829242  30.61004846  28.20017035]
0019000008 1000 999 [ 42.29629624  55.74687376  33.11304922  23.14392631 113.08691565
 166.10568242  22.93506827  86.08928466  95.46811828  47.98480633
  17.22395129  22.97670458  31.21054463  99.28152231 105.85120553
  67.13226278 124.07114269  21.42958361  29.5228004   78.21466458]
0007000009 1000 999 [ 51.08313293  58.07071235  30.84687325  22.31723979 110.28454354
 164.36528436  20.67588293 143.42928034  93.37868939  45.25527619
  20.04926486  22.36038202  27.87746547  96.2889073  116.18639274
  61.63892445 118.14488663  24.73640181  32.62975132  73.26511188]
0010000010 1000 999 [ 60.95435274  60.72823669  27.91981294  22.15143759 106.85637589
 162.62488629  20.54343362 151.72298789  91.28926049  43.79899462
  69.8140656   22.34315149  24.5443863   93.19551915 126.52157994
  55.02196539 111.61953855  27.11810893  35.80075024  68.31555918]
0000000011 1000 999 [121.93931285  61.94006097  25.39560101  22.0610622  107.18028869
 159.34553189  26.98857278 158.45588313  87.58092293  43.1544953
  62.24778304  22.14235809  25.16218444  91.2103311  130.98813279
  50.85256532 107.46217453  25.903223    39.47077934  63.40314011]
0002000012 1000 999 [132.92427297  63.26972065  75.37425435  22.05519858 107.36055883
 157.72616569  26.95260178 165.18877838  84.12451984  43.07584672
  54.71064342  23.14483453  26.4180196   89.22514306 134.06924685
  47.67245343 103.78899954  24.52572726  42.68773496  58.58968308]
0003000013 1000 999 [139.96665563  59.19406424  71.3916121   73.21631393 106.15353328
 156.55485916  25.36180729 162.9822641   80.44131047  45.98899547
  47.17568523  31.26503926  29.32469924  91.71697652 151.8940755
  47.91997082 102.85159187  23.94142271  38.27609471  47.26743199]
0014000014 1000 999 [147.91841433  55.07216764  67.41419124  63.68855216 101.87536807
 156.42325043  26.39483003 161.09398191  78.6170173   50.02302171
  39.57084614  38.31912636  32.2220924   92.55808669 219.01717707
  50.92335659 105.20219721  22.39439547  35.26351602  38.89281474]
0005000015 1000 999 [154.32295544  54.56661082  63.14839511  53.9733459   99.17331968
 206.25356516  24.9617602  165.10919296  75.55365954  54.12525711
  33.67782151  40.74607902  31.46318171  94.81275692 230.50012032
  53.15310172 109.38425504  24.16398536  29.43295071  34.3620893 ]
0008000016 1000 999 [154.0507006   53.59034514  58.78745225  45.31097561  89.78765189
 211.34796864  34.34444783 164.6418606  125.38668532  57.37496813
  27.44756706  41.9681517   27.61290537  99.42176375 238.96751822
  51.99564933 118.57960613  20.52443698  26.41105325  35.33269573]
0013000017 1000 999 [161.17991013  52.97209058  56.07976858  36.54182475  85.64731144
 212.43147172  27.13279024 168.42998301 123.15395683  64.49905137
  23.39543547  42.45132796  25.50351326 150.66752868 252.54220084
  54.35956017 121.32059398  23.53254198  22.8632939   28.18024865]
Peer 7
0000000000 21 20 [ 0.20137098 34.18551507 60.31592068 33.36265965 31.19507747 48.87105402
 80.26127671 93.89285607 59.37892057 54.89059855 10.09066281 17.16046486
  1.01858856 77.30336306 69.03264058 29.00227344 83.28893556 28.91855006
 38.57209413 31.94158072]
0014000001 2 1 [  0.20137098  34.18551507  60.31592068  33.36265965  31.19507747
  48.87105402  80.26127671  93.89285607  59.37892057  54.89059855
  10.09066281  17.16046486   1.01858856  77.30336306 119.03264058
  29.00227344  83.28893556  28.91855006  38.57209413  31.94158072]
0005000002 1000 999 [ 29.90086818  32.97393585  53.06588851  28.5362749   34.7320309
  87.71948878  68.3699913   88.49637502  47.14855899  45.48207451
  24.51615803  23.13747234  24.05008017  71.39312361 120.4208663
  27.14527765  86.64645757  19.60495606  39.6567631   29.88776177]
0013000003 1000 999 [ 30.51932923  33.17717637  49.88504752  28.88763031  32.91397845
  87.6528914   53.66042645  85.64361692  48.76379378  46.33664673
  22.8891681   26.19703867  23.83032886 124.43020156 123.94316786
  21.03172589  90.0174951   21.80277069  40.67847039  40.62349922]
0005000004 1000 999 [ 26.07205652  39.47154184  39.90729824  31.5322233   40.14127575
 150.50351867  49.64321207  87.5254203   47.73233053  46.21993243
  25.18208469  23.31687758  24.81124708 118.69744756 114.14078824
  23.82672029  94.25807438  25.16394972  39.8034196   34.93498473]
0004000005 1000 999 [ 29.79023541  47.22492615  33.58950506  27.34356271  99.90512132
 161.57623572  48.14640389  84.72941639  42.2744981   49.42924281
  25.82863267  28.84529167  27.02009163 117.01566354  96.43410634
  27.01268801  95.85718575  29.31388008  32.73639557  28.81132072]
0015000006 1000 999 [ 41.21387602  48.58675601  41.03175016  21.73470594 105.27655522
 163.45847723  36.19828974  86.75653275  46.96179075  48.81865746
  29.23851213  26.87737346  30.56869072 106.1639381   88.33306045
  73.43630733 102.79099663  34.17482381  29.6312167   21.63209293]
0008000007 1000 999 [ 42.79608727  52.13180495  36.31356725  21.82515277 109.134712
 165.19259574  24.376237    85.45724671  97.37746906  48.92680441
  23.34417595  23.65657103  31.32746681 104.16051412  96.77094203
  71.1538249  112.61072029  27.51829242  30.61004846  28.20017035]
0019000008 1000 999 [ 42.29629624  55.74687376  33.11304922  23.14392631 113.08691565
 166.10568242  22.93506827  86.08928466  95.46811828  47.98480633
  17.22395129  22.97670458  31.21054463  99.28152231 105.85120553
  67.13226278 124.07114269  21.42958361  29.5228004   78.21466458]
0007000009 1000 999 [ 51.08313293  58.07071235  30.84687325  22.31723979 110.28454354
 164.36528436  20.67588293 143.42928034  93.37868939  45.25527619
  20.04926486  22.36038202  27.87746547  96.2889073  116.18639274
  61.63892445 118.14488663  24.73640181  32.62975132  73.26511188]
0010000010 1000 999 [ 60.95435274  60.72823669  27.91981294  22.15143759 106.85637589
 162.62488629  20.54343362 151.72298789  91.28926049  43.79899462
  69.8140656   22.34315149  24.5443863   93.19551915 126.52157994
  55.02196539 111.61953855  27.11810893  35.80075024  68.31555918]
0000000011 1000 999 [121.93931285  61.94006097  25.39560101  22.0610622  107.18028869
 159.34553189  26.98857278 158.45588313  87.58092293  43.1544953
  62.24778304  22.14235809  25.16218444  91.2103311  130.98813279
  50.85256532 107.46217453  25.903223    39.47077934  63.40314011]
0002000012 1000 999 [132.92427297  63.26972065  75.37425435  22.05519858 107.36055883
 157.72616569  26.95260178 165.18877838  84.12451984  43.07584672
  54.71064342  23.14483453  26.4180196   89.22514306 134.06924685
  47.67245343 103.78899954  24.52572726  42.68773496  58.58968308]
0003000013 1000 999 [139.96665563  59.19406424  71.3916121   73.21631393 106.15353328
 156.55485916  25.36180729 162.9822641   80.44131047  45.98899547
  47.17568523  31.26503926  29.32469924  91.71697652 151.8940755
  47.91997082 102.85159187  23.94142271  38.27609471  47.26743199]
0014000014 1000 999 [147.91841433  55.07216764  67.41419124  63.68855216 101.87536807
 156.42325043  26.39483003 161.09398191  78.6170173   50.02302171
  39.57084614  38.31912636  32.2220924   92.55808669 219.01717707
  50.92335659 105.20219721  22.39439547  35.26351602  38.89281474]
0005000015 1000 999 [154.32295544  54.56661082  63.14839511  53.9733459   99.17331968
 206.25356516  24.9617602  165.10919296  75.55365954  54.12525711
  33.67782151  40.74607902  31.46318171  94.81275692 230.50012032
  53.15310172 109.38425504  24.16398536  29.43295071  34.3620893 ]
0008000016 1000 999 [154.0507006   53.59034514  58.78745225  45.31097561  89.78765189
 211.34796864  34.34444783 164.6418606  125.38668532  57.37496813
  27.44756706  41.9681517   27.61290537  99.42176375 238.96751822
  51.99564933 118.57960613  20.52443698  26.41105325  35.33269573]
0013000017 1000 999 [161.17991013  52.97209058  56.07976858  36.54182475  85.64731144
 212.43147172  27.13279024 168.42998301 123.15395683  64.49905137
  23.39543547  42.45132796  25.50351326 150.66752868 252.54220084
  54.35956017 121.32059398  23.53254198  22.8632939   28.18024865]
Peer 8
0000000000 21 20 [ 0.20137098 34.18551507 60.31592068 33.36265965 31.19507747 48.87105402
 80.26127671 93.89285607 59.37892057 54.89059855 10.09066281 17.16046486
  1.01858856 77.30336306 69.03264058 29.00227344 83.28893556 28.91855006
 38.57209413 31.94158072]
0014000001 2 1 [  0.20137098  34.18551507  60.31592068  33.36265965  31.19507747
  48.87105402  80.26127671  93.89285607  59.37892057  54.89059855
  10.09066281  17.16046486   1.01858856  77.30336306 119.03264058
  29.00227344  83.28893556  28.91855006  38.57209413  31.94158072]
0005000002 1000 999 [ 29.90086818  32.97393585  53.06588851  28.5362749   34.7320309
  87.71948878  68.3699913   88.49637502  47.14855899  45.48207451
  24.51615803  23.13747234  24.05008017  71.39312361 120.4208663
  27.14527765  86.64645757  19.60495606  39.6567631   29.88776177]
0013000003 1000 999 [ 30.51932923  33.17717637  49.88504752  28.88763031  32.91397845
  87.6528914   53.66042645  85.64361692  48.76379378  46.33664673
  22.8891681   26.19703867  23.83032886 124.43020156 123.94316786
  21.03172589  90.0174951   21.80277069  40.67847039  40.62349922]
0005000004 1000 999 [ 26.07205652  39.47154184  39.90729824  31.5322233   40.14127575
 150.50351867  49.64321207  87.5254203   47.73233053  46.21993243
  25.18208469  23.31687758  24.81124708 118.69744756 114.14078824
  23.82672029  94.25807438  25.16394972  39.8034196   34.93498473]
0004000005 1000 999 [ 29.79023541  47.22492615  33.58950506  27.34356271  99.90512132
 161.57623572  48.14640389  84.72941639  42.2744981   49.42924281
  25.82863267  28.84529167  27.02009163 117.01566354  96.43410634
  27.01268801  95.85718575  29.31388008  32.73639557  28.81132072]
0015000006 1000 999 [ 41.21387602  48.58675601  41.03175016  21.73470594 105.27655522
 163.45847723  36.19828974  86.75653275  46.96179075  48.81865746
  29.23851213  26.87737346  30.56869072 106.1639381   88.33306045
  73.43630733 102.79099663  34.17482381  29.6312167   21.63209293]
0008000007 1000 999 [ 42.79608727  52.13180495  36.31356725  21.82515277 109.134712
 165.19259574  24.376237    85.45724671  97.37746906  48.92680441
  23.34417595  23.65657103  31.32746681 104.16051412  96.77094203
  71.1538249  112.61072029  27.51829242  30.61004846  28.20017035]
0019000008 1000 999 [ 42.29629624  55.74687376  33.11304922  23.14392631 113.08691565
 166.10568242  22.93506827  86.08928466  95.46811828  47.98480633
  17.22395129  22.97670458  31.21054463  99.28152231 105.85120553
  67.13226278 124.07114269  21.42958361  29.5228004   78.21466458]
0007000009 1000 999 [ 51.08313293  58.07071235  30.84687325  22.31723979 110.28454354
 164.36528436  20.67588293 143.42928034  93.37868939  45.25527619
  20.04926486  22.36038202  27.87746547  96.2889073  116.18639274
  61.63892445 118.14488663  24.73640181  32.62975132  73.26511188]
0010000010 1000 999 [ 60.95435274  60.72823669  27.91981294  22.15143759 106.85637589
 162.62488629  20.54343362 151.72298789  91.28926049  43.79899462
  69.8140656   22.34315149  24.5443863   93.19551915 126.52157994
  55.02196539 111.61953855  27.11810893  35.80075024  68.31555918]
0000000011 1000 999 [121.93931285  61.94006097  25.39560101  22.0610622  107.18028869
 159.34553189  26.98857278 158.45588313  87.58092293  43.1544953
  62.24778304  22.14235809  25.16218444  91.2103311  130.98813279
  50.85256532 107.46217453  25.903223    39.47077934  63.40314011]
0002000012 1000 999 [132.92427297  63.26972065  75.37425435  22.05519858 107.36055883
 157.72616569  26.95260178 165.18877838  84.12451984  43.07584672
  54.71064342  23.14483453  26.4180196   89.22514306 134.06924685
  47.67245343 103.78899954  24.52572726  42.68773496  58.58968308]
0003000013 1000 999 [139.96665563  59.19406424  71.3916121   73.21631393 106.15353328
 156.55485916  25.36180729 162.9822641   80.44131047  45.98899547
  47.17568523  31.26503926  29.32469924  91.71697652 151.8940755
  47.91997082 102.85159187  23.94142271  38.27609471  47.26743199]
0014000014 1000 999 [147.91841433  55.07216764  67.41419124  63.68855216 101.87536807
 156.42325043  26.39483003 161.09398191  78.6170173   50.02302171
  39.57084614  38.31912636  32.2220924   92.55808669 219.01717707
  50.92335659 105.20219721  22.39439547  35.26351602  38.89281474]
0005000015 1000 999 [154.32295544  54.56661082  63.14839511  53.9733459   99.17331968
 206.25356516  24.9617602  165.10919296  75.55365954  54.12525711
  33.67782151  40.74607902  31.46318171  94.81275692 230.50012032
  53.15310172 109.38425504  24.16398536  29.43295071  34.3620893 ]
0008000016 1000 999 [154.0507006   53.59034514  58.78745225  45.31097561  89.78765189
 211.34796864  34.34444783 164.6418606  125.38668532  57.37496813
  27.44756706  41.9681517   27.61290537  99.42176375 238.96751822
  51.99564933 118.57960613  20.52443698  26.41105325  35.33269573]
0013000017 1000 999 [161.17991013  52.97209058  56.07976858  36.54182475  85.64731144
 212.43147172  27.13279024 168.42998301 123.15395683  64.49905137
  23.39543547  42.45132796  25.50351326 150.66752868 252.54220084
  54.35956017 121.32059398  23.53254198  22.8632939   28.18024865]
Peer 9
0000000000 21 20 [ 0.20137098 34.18551507 60.31592068 33.36265965 31.19507747 48.87105402
 80.26127671 93.89285607 59.37892057 54.89059855 10.09066281 17.16046486
  1.01858856 77.30336306 69.03264058 29.00227344 83.28893556 28.91855006
 38.57209413 31.94158072]
0014000001 2 1 [  0.20137098  34.18551507  60.31592068  33.36265965  31.19507747
  48.87105402  80.26127671  93.89285607  59.37892057  54.89059855
  10.09066281  17.16046486   1.01858856  77.30336306 119.03264058
  29.00227344  83.28893556  28.91855006  38.57209413  31.94158072]
0005000002 1000 999 [ 29.90086818  32.97393585  53.06588851  28.5362749   34.7320309
  87.71948878  68.3699913   88.49637502  47.14855899  45.48207451
  24.51615803  23.13747234  24.05008017  71.39312361 120.4208663
  27.14527765  86.64645757  19.60495606  39.6567631   29.88776177]
0013000003 1000 999 [ 30.51932923  33.17717637  49.88504752  28.88763031  32.91397845
  87.6528914   53.66042645  85.64361692  48.76379378  46.33664673
  22.8891681   26.19703867  23.83032886 124.43020156 123.94316786
  21.03172589  90.0174951   21.80277069  40.67847039  40.62349922]
0005000004 1000 999 [ 26.07205652  39.47154184  39.90729824  31.5322233   40.14127575
 150.50351867  49.64321207  87.5254203   47.73233053  46.21993243
  25.18208469  23.31687758  24.81124708 118.69744756 114.14078824
  23.82672029  94.25807438  25.16394972  39.8034196   34.93498473]
0004000005 1000 999 [ 29.79023541  47.22492615  33.58950506  27.34356271  99.90512132
 161.57623572  48.14640389  84.72941639  42.2744981   49.42924281
  25.82863267  28.84529167  27.02009163 117.01566354  96.43410634
  27.01268801  95.85718575  29.31388008  32.73639557  28.81132072]
0015000006 1000 999 [ 41.21387602  48.58675601  41.03175016  21.73470594 105.27655522
 163.45847723  36.19828974  86.75653275  46.96179075  48.81865746
  29.23851213  26.87737346  30.56869072 106.1639381   88.33306045
  73.43630733 102.79099663  34.17482381  29.6312167   21.63209293]
0008000007 1000 999 [ 42.79608727  52.13180495  36.31356725  21.82515277 109.134712
 165.19259574  24.376237    85.45724671  97.37746906  48.92680441
  23.34417595  23.65657103  31.32746681 104.16051412  96.77094203
  71.1538249  112.61072029  27.51829242  30.61004846  28.20017035]
0019000008 1000 999 [ 42.29629624  55.74687376  33.11304922  23.14392631 113.08691565
 166.10568242  22.93506827  86.08928466  95.46811828  47.98480633
  17.22395129  22.97670458  31.21054463  99.28152231 105.85120553
  67.13226278 124.07114269  21.42958361  29.5228004   78.21466458]
0007000009 1000 999 [ 51.08313293  58.07071235  30.84687325  22.31723979 110.28454354
 164.36528436  20.67588293 143.42928034  93.37868939  45.25527619
  20.04926486  22.36038202  27.87746547  96.2889073  116.18639274
  61.63892445 118.14488663  24.73640181  32.62975132  73.26511188]
0010000010 1000 999 [ 60.95435274  60.72823669  27.91981294  22.15143759 106.85637589
 162.62488629  20.54343362 151.72298789  91.28926049  43.79899462
  69.8140656   22.34315149  24.5443863   93.19551915 126.52157994
  55.02196539 111.61953855  27.11810893  35.80075024  68.31555918]
0000000011 1000 999 [121.93931285  61.94006097  25.39560101  22.0610622  107.18028869
 159.34553189  26.98857278 158.45588313  87.58092293  43.1544953
  62.24778304  22.14235809  25.16218444  91.2103311  130.98813279
  50.85256532 107.46217453  25.903223    39.47077934  63.40314011]
0002000012 1000 999 [132.92427297  63.26972065  75.37425435  22.05519858 107.36055883
 157.72616569  26.95260178 165.18877838  84.12451984  43.07584672
  54.71064342  23.14483453  26.4180196   89.22514306 134.06924685
  47.67245343 103.78899954  24.52572726  42.68773496  58.58968308]
0003000013 1000 999 [139.96665563  59.19406424  71.3916121   73.21631393 106.15353328
 156.55485916  25.36180729 162.9822641   80.44131047  45.98899547
  47.17568523  31.26503926  29.32469924  91.71697652 151.8940755
  47.91997082 102.85159187  23.94142271  38.27609471  47.26743199]
0014000014 1000 999 [147.91841433  55.07216764  67.41419124  63.68855216 101.87536807
 156.42325043  26.39483003 161.09398191  78.6170173   50.02302171
  39.57084614  38.31912636  32.2220924   92.55808669 219.01717707
  50.92335659 105.20219721  22.39439547  35.26351602  38.89281474]
0005000015 1000 999 [154.32295544  54.56661082  63.14839511  53.9733459   99.17331968
 206.25356516  24.9617602  165.10919296  75.55365954  54.12525711
  33.67782151  40.74607902  31.46318171  94.81275692 230.50012032
  53.15310172 109.38425504  24.16398536  29.43295071  34.3620893 ]
0008000016 1000 999 [154.0507006   53.59034514  58.78745225  45.31097561  89.78765189
 211.34796864  34.34444783 164.6418606  125.38668532  57.37496813
  27.44756706  41.9681517   27.61290537  99.42176375 238.96751822
  51.99564933 118.57960613  20.52443698  26.41105325  35.33269573]
0013000017 1000 999 [161.17991013  52.97209058  56.07976858  36.54182475  85.64731144
 212.43147172  27.13279024 168.42998301 123.15395683  64.49905137
  23.39543547  42.45132796  25.50351326 150.66752868 252.54220084
  54.35956017 121.32059398  23.53254198  22.8632939   28.18024865]
Peer 10
0000000000 21 20 [ 0.20137098 34.18551507 60.31592068 33.36265965 31.19507747 48.87105402
 80.26127671 93.89285607 59.37892057 54.89059855 10.09066281 17.16046486
  1.01858856 77.30336306 69.03264058 29.00227344 83.28893556 28.91855006
 38.57209413 31.94158072]
0014000001 2 1 [  0.20137098  34.18551507  60.31592068  33.36265965  31.19507747
  48.87105402  80.26127671  93.89285607  59.37892057  54.89059855
  10.09066281  17.16046486   1.01858856  77.30336306 119.03264058
  29.00227344  83.28893556  28.91855006  38.57209413  31.94158072]
0005000002 1000 999 [ 29.90086818  32.97393585  53.06588851  28.5362749   34.7320309
  87.71948878  68.3699913   88.49637502  47.14855899  45.48207451
  24.51615803  23.13747234  24.05008017  71.39312361 120.4208663
  27.14527765  86.64645757  19.60495606  39.6567631   29.88776177]
0013000003 1000 999 [ 30.51932923  33.17717637  49.88504752  28.88763031  32.91397845
  87.6528914   53.66042645  85.64361692  48.76379378  46.33664673
  22.8891681   26.19703867  23.83032886 124.43020156 123.94316786
  21.03172589  90.0174951   21.80277069  40.67847039  40.62349922]
0005000004 1000 999 [ 26.07205652  39.47154184  39.90729824  31.5322233   40.14127575
 150.50351867  49.64321207  87.5254203   47.73233053  46.21993243
  25.18208469  23.31687758  24.81124708 118.69744756 114.14078824
  23.82672029  94.25807438  25.16394972  39.8034196   34.93498473]
0004000005 1000 999 [ 29.79023541  47.22492615  33.58950506  27.34356271  99.90512132
 161.57623572  48.14640389  84.72941639  42.2744981   49.42924281
  25.82863267  28.84529167  27.02009163 117.01566354  96.43410634
  27.01268801  95.85718575  29.31388008  32.73639557  28.81132072]
0015000006 1000 999 [ 41.21387602  48.58675601  41.03175016  21.73470594 105.27655522
 163.45847723  36.19828974  86.75653275  46.96179075  48.81865746
  29.23851213  26.87737346  30.56869072 106.1639381   88.33306045
  73.43630733 102.79099663  34.17482381  29.6312167   21.63209293]
0008000007 1000 999 [ 42.79608727  52.13180495  36.31356725  21.82515277 109.134712
 165.19259574  24.376237    85.45724671  97.37746906  48.92680441
  23.34417595  23.65657103  31.32746681 104.16051412  96.77094203
  71.1538249  112.61072029  27.51829242  30.61004846  28.20017035]
0019000008 1000 999 [ 42.29629624  55.74687376  33.11304922  23.14392631 113.08691565
 166.10568242  22.93506827  86.08928466  95.46811828  47.98480633
  17.22395129  22.97670458  31.21054463  99.28152231 105.85120553
  67.13226278 124.07114269  21.42958361  29.5228004   78.21466458]
0007000009 1000 999 [ 51.08313293  58.07071235  30.84687325  22.31723979 110.28454354
 164.36528436  20.67588293 143.42928034  93.37868939  45.25527619
  20.04926486  22.36038202  27.87746547  96.2889073  116.18639274
  61.63892445 118.14488663  24.73640181  32.62975132  73.26511188]
0010000010 1000 999 [ 60.95435274  60.72823669  27.91981294  22.15143759 106.85637589
 162.62488629  20.54343362 151.72298789  91.28926049  43.79899462
  69.8140656   22.34315149  24.5443863   93.19551915 126.52157994
  55.02196539 111.61953855  27.11810893  35.80075024  68.31555918]
0000000011 1000 999 [121.93931285  61.94006097  25.39560101  22.0610622  107.18028869
 159.34553189  26.98857278 158.45588313  87.58092293  43.1544953
  62.24778304  22.14235809  25.16218444  91.2103311  130.98813279
  50.85256532 107.46217453  25.903223    39.47077934  63.40314011]
0002000012 1000 999 [132.92427297  63.26972065  75.37425435  22.05519858 107.36055883
 157.72616569  26.95260178 165.18877838  84.12451984  43.07584672
  54.71064342  23.14483453  26.4180196   89.22514306 134.06924685
  47.67245343 103.78899954  24.52572726  42.68773496  58.58968308]
0003000013 1000 999 [139.96665563  59.19406424  71.3916121   73.21631393 106.15353328
 156.55485916  25.36180729 162.9822641   80.44131047  45.98899547
  47.17568523  31.26503926  29.32469924  91.71697652 151.8940755
  47.91997082 102.85159187  23.94142271  38.27609471  47.26743199]
0014000014 1000 999 [147.91841433  55.07216764  67.41419124  63.68855216 101.87536807
 156.42325043  26.39483003 161.09398191  78.6170173   50.02302171
  39.57084614  38.31912636  32.2220924   92.55808669 219.01717707
  50.92335659 105.20219721  22.39439547  35.26351602  38.89281474]
0005000015 1000 999 [154.32295544  54.56661082  63.14839511  53.9733459   99.17331968
 206.25356516  24.9617602  165.10919296  75.55365954  54.12525711
  33.67782151  40.74607902  31.46318171  94.81275692 230.50012032
  53.15310172 109.38425504  24.16398536  29.43295071  34.3620893 ]
0008000016 1000 999 [154.0507006   53.59034514  58.78745225  45.31097561  89.78765189
 211.34796864  34.34444783 164.6418606  125.38668532  57.37496813
  27.44756706  41.9681517   27.61290537  99.42176375 238.96751822
  51.99564933 118.57960613  20.52443698  26.41105325  35.33269573]
0013000017 1000 999 [161.17991013  52.97209058  56.07976858  36.54182475  85.64731144
 212.43147172  27.13279024 168.42998301 123.15395683  64.49905137
  23.39543547  42.45132796  25.50351326 150.66752868 252.54220084
  54.35956017 121.32059398  23.53254198  22.8632939   28.18024865]
Peer 11
0000000000 21 20 [ 0.20137098 34.18551507 60.31592068 33.36265965 31.19507747 48.87105402
 80.26127671 93.89285607 59.37892057 54.89059855 10.09066281 17.16046486
  1.01858856 77.30336306 69.03264058 29.00227344 83.28893556 28.91855006
 38.57209413 31.94158072]
0014000001 2 1 [  0.20137098  34.18551507  60.31592068  33.36265965  31.19507747
  48.87105402  80.26127671  93.89285607  59.37892057  54.89059855
  10.09066281  17.16046486   1.01858856  77.30336306 119.03264058
  29.00227344  83.28893556  28.91855006  38.57209413  31.94158072]
0005000002 1000 999 [ 29.90086818  32.97393585  53.06588851  28.5362749   34.7320309
  87.71948878  68.3699913   88.49637502  47.14855899  45.48207451
  24.51615803  23.13747234  24.05008017  71.39312361 120.4208663
  27.14527765  86.64645757  19.60495606  39.6567631   29.88776177]
0013000003 1000 999 [ 30.51932923  33.17717637  49.88504752  28.88763031  32.91397845
  87.6528914   53.66042645  85.64361692  48.76379378  46.33664673
  22.8891681   26.19703867  23.83032886 124.43020156 123.94316786
  21.03172589  90.0174951   21.80277069  40.67847039  40.62349922]
0005000004 1000 999 [ 26.07205652  39.47154184  39.90729824  31.5322233   40.14127575
 150.50351867  49.64321207  87.5254203   47.73233053  46.21993243
  25.18208469  23.31687758  24.81124708 118.69744756 114.14078824
  23.82672029  94.25807438  25.16394972  39.8034196   34.93498473]
0004000005 1000 999 [ 29.79023541  47.22492615  33.58950506  27.34356271  99.90512132
 161.57623572  48.14640389  84.72941639  42.2744981   49.42924281
  25.82863267  28.84529167  27.02009163 117.01566354  96.43410634
  27.01268801  95.85718575  29.31388008  32.73639557  28.81132072]
0015000006 1000 999 [ 41.21387602  48.58675601  41.03175016  21.73470594 105.27655522
 163.45847723  36.19828974  86.75653275  46.96179075  48.81865746
  29.23851213  26.87737346  30.56869072 106.1639381   88.33306045
  73.43630733 102.79099663  34.17482381  29.6312167   21.63209293]
0008000007 1000 999 [ 42.79608727  52.13180495  36.31356725  21.82515277 109.134712
 165.19259574  24.376237    85.45724671  97.37746906  48.92680441
  23.34417595  23.65657103  31.32746681 104.16051412  96.77094203
  71.1538249  112.61072029  27.51829242  30.61004846  28.20017035]
0019000008 1000 999 [ 42.29629624  55.74687376  33.11304922  23.14392631 113.08691565
 166.10568242  22.93506827  86.08928466  95.46811828  47.98480633
  17.22395129  22.97670458  31.21054463  99.28152231 105.85120553
  67.13226278 124.07114269  21.42958361  29.5228004   78.21466458]
0007000009 1000 999 [ 51.08313293  58.07071235  30.84687325  22.31723979 110.28454354
 164.36528436  20.67588293 143.42928034  93.37868939  45.25527619
  20.04926486  22.36038202  27.87746547  96.2889073  116.18639274
  61.63892445 118.14488663  24.73640181  32.62975132  73.26511188]
0010000010 1000 999 [ 60.95435274  60.72823669  27.91981294  22.15143759 106.85637589
 162.62488629  20.54343362 151.72298789  91.28926049  43.79899462
  69.8140656   22.34315149  24.5443863   93.19551915 126.52157994
  55.02196539 111.61953855  27.11810893  35.80075024  68.31555918]
0000000011 1000 999 [121.93931285  61.94006097  25.39560101  22.0610622  107.18028869
 159.34553189  26.98857278 158.45588313  87.58092293  43.1544953
  62.24778304  22.14235809  25.16218444  91.2103311  130.98813279
  50.85256532 107.46217453  25.903223    39.47077934  63.40314011]
0002000012 1000 999 [132.92427297  63.26972065  75.37425435  22.05519858 107.36055883
 157.72616569  26.95260178 165.18877838  84.12451984  43.07584672
  54.71064342  23.14483453  26.4180196   89.22514306 134.06924685
  47.67245343 103.78899954  24.52572726  42.68773496  58.58968308]
0003000013 1000 999 [139.96665563  59.19406424  71.3916121   73.21631393 106.15353328
 156.55485916  25.36180729 162.9822641   80.44131047  45.98899547
  47.17568523  31.26503926  29.32469924  91.71697652 151.8940755
  47.91997082 102.85159187  23.94142271  38.27609471  47.26743199]
0014000014 1000 999 [147.91841433  55.07216764  67.41419124  63.68855216 101.87536807
 156.42325043  26.39483003 161.09398191  78.6170173   50.02302171
  39.57084614  38.31912636  32.2220924   92.55808669 219.01717707
  50.92335659 105.20219721  22.39439547  35.26351602  38.89281474]
0005000015 1000 999 [154.32295544  54.56661082  63.14839511  53.9733459   99.17331968
 206.25356516  24.9617602  165.10919296  75.55365954  54.12525711
  33.67782151  40.74607902  31.46318171  94.81275692 230.50012032
  53.15310172 109.38425504  24.16398536  29.43295071  34.3620893 ]
0008000016 1000 999 [154.0507006   53.59034514  58.78745225  45.31097561  89.78765189
 211.34796864  34.34444783 164.6418606  125.38668532  57.37496813
  27.44756706  41.9681517   27.61290537  99.42176375 238.96751822
  51.99564933 118.57960613  20.52443698  26.41105325  35.33269573]
0013000017 1000 999 [161.17991013  52.97209058  56.07976858  36.54182475  85.64731144
 212.43147172  27.13279024 168.42998301 123.15395683  64.49905137
  23.39543547  42.45132796  25.50351326 150.66752868 252.54220084
  54.35956017 121.32059398  23.53254198  22.8632939   28.18024865]
Peer 12
0000000000 21 20 [ 0.20137098 34.18551507 60.31592068 33.36265965 31.19507747 48.87105402
 80.26127671 93.89285607 59.37892057 54.89059855 10.09066281 17.16046486
  1.01858856 77.30336306 69.03264058 29.00227344 83.28893556 28.91855006
 38.57209413 31.94158072]
0014000001 2 1 [  0.20137098  34.18551507  60.31592068  33.36265965  31.19507747
  48.87105402  80.26127671  93.89285607  59.37892057  54.89059855
  10.09066281  17.16046486   1.01858856  77.30336306 119.03264058
  29.00227344  83.28893556  28.91855006  38.57209413  31.94158072]
0005000002 1000 999 [ 29.90086818  32.97393585  53.06588851  28.5362749   34.7320309
  87.71948878  68.3699913   88.49637502  47.14855899  45.48207451
  24.51615803  23.13747234  24.05008017  71.39312361 120.4208663
  27.14527765  86.64645757  19.60495606  39.6567631   29.88776177]
0013000003 1000 999 [ 30.51932923  33.17717637  49.88504752  28.88763031  32.91397845
  87.6528914   53.66042645  85.64361692  48.76379378  46.33664673
  22.8891681   26.19703867  23.83032886 124.43020156 123.94316786
  21.03172589  90.0174951   21.80277069  40.67847039  40.62349922]
0005000004 1000 999 [ 26.07205652  39.47154184  39.90729824  31.5322233   40.14127575
 150.50351867  49.64321207  87.5254203   47.73233053  46.21993243
  25.18208469  23.31687758  24.81124708 118.69744756 114.14078824
  23.82672029  94.25807438  25.16394972  39.8034196   34.93498473]
0004000005 1000 999 [ 29.79023541  47.22492615  33.58950506  27.34356271  99.90512132
 161.57623572  48.14640389  84.72941639  42.2744981   49.42924281
  25.82863267  28.84529167  27.02009163 117.01566354  96.43410634
  27.01268801  95.85718575  29.31388008  32.73639557  28.81132072]
0015000006 1000 999 [ 41.21387602  48.58675601  41.03175016  21.73470594 105.27655522
 163.45847723  36.19828974  86.75653275  46.96179075  48.81865746
  29.23851213  26.87737346  30.56869072 106.1639381   88.33306045
  73.43630733 102.79099663  34.17482381  29.6312167   21.63209293]
0008000007 1000 999 [ 42.79608727  52.13180495  36.31356725  21.82515277 109.134712
 165.19259574  24.376237    85.45724671  97.37746906  48.92680441
  23.34417595  23.65657103  31.32746681 104.16051412  96.77094203
  71.1538249  112.61072029  27.51829242  30.61004846  28.20017035]
0019000008 1000 999 [ 42.29629624  55.74687376  33.11304922  23.14392631 113.08691565
 166.10568242  22.93506827  86.08928466  95.46811828  47.98480633
  17.22395129  22.97670458  31.21054463  99.28152231 105.85120553
  67.13226278 124.07114269  21.42958361  29.5228004   78.21466458]
0007000009 1000 999 [ 51.08313293  58.07071235  30.84687325  22.31723979 110.28454354
 164.36528436  20.67588293 143.42928034  93.37868939  45.25527619
  20.04926486  22.36038202  27.87746547  96.2889073  116.18639274
  61.63892445 118.14488663  24.73640181  32.62975132  73.26511188]
0010000010 1000 999 [ 60.95435274  60.72823669  27.91981294  22.15143759 106.85637589
 162.62488629  20.54343362 151.72298789  91.28926049  43.79899462
  69.8140656   22.34315149  24.5443863   93.19551915 126.52157994
  55.02196539 111.61953855  27.11810893  35.80075024  68.31555918]
0000000011 1000 999 [121.93931285  61.94006097  25.39560101  22.0610622  107.18028869
 159.34553189  26.98857278 158.45588313  87.58092293  43.1544953
  62.24778304  22.14235809  25.16218444  91.2103311  130.98813279
  50.85256532 107.46217453  25.903223    39.47077934  63.40314011]
0002000012 1000 999 [132.92427297  63.26972065  75.37425435  22.05519858 107.36055883
 157.72616569  26.95260178 165.18877838  84.12451984  43.07584672
  54.71064342  23.14483453  26.4180196   89.22514306 134.06924685
  47.67245343 103.78899954  24.52572726  42.68773496  58.58968308]
0003000013 1000 999 [139.96665563  59.19406424  71.3916121   73.21631393 106.15353328
 156.55485916  25.36180729 162.9822641   80.44131047  45.98899547
  47.17568523  31.26503926  29.32469924  91.71697652 151.8940755
  47.91997082 102.85159187  23.94142271  38.27609471  47.26743199]
0014000014 1000 999 [147.91841433  55.07216764  67.41419124  63.68855216 101.87536807
 156.42325043  26.39483003 161.09398191  78.6170173   50.02302171
  39.57084614  38.31912636  32.2220924   92.55808669 219.01717707
  50.92335659 105.20219721  22.39439547  35.26351602  38.89281474]
0005000015 1000 999 [154.32295544  54.56661082  63.14839511  53.9733459   99.17331968
 206.25356516  24.9617602  165.10919296  75.55365954  54.12525711
  33.67782151  40.74607902  31.46318171  94.81275692 230.50012032
  53.15310172 109.38425504  24.16398536  29.43295071  34.3620893 ]
0008000016 1000 999 [154.0507006   53.59034514  58.78745225  45.31097561  89.78765189
 211.34796864  34.34444783 164.6418606  125.38668532  57.37496813
  27.44756706  41.9681517   27.61290537  99.42176375 238.96751822
  51.99564933 118.57960613  20.52443698  26.41105325  35.33269573]
0013000017 1000 999 [161.17991013  52.97209058  56.07976858  36.54182475  85.64731144
 212.43147172  27.13279024 168.42998301 123.15395683  64.49905137
  23.39543547  42.45132796  25.50351326 150.66752868 252.54220084
  54.35956017 121.32059398  23.53254198  22.8632939   28.18024865]
Peer 13
0000000000 21 20 [ 0.20137098 34.18551507 60.31592068 33.36265965 31.19507747 48.87105402
 80.26127671 93.89285607 59.37892057 54.89059855 10.09066281 17.16046486
  1.01858856 77.30336306 69.03264058 29.00227344 83.28893556 28.91855006
 38.57209413 31.94158072]
0014000001 2 1 [  0.20137098  34.18551507  60.31592068  33.36265965  31.19507747
  48.87105402  80.26127671  93.89285607  59.37892057  54.89059855
  10.09066281  17.16046486   1.01858856  77.30336306 119.03264058
  29.00227344  83.28893556  28.91855006  38.57209413  31.94158072]
0005000002 1000 999 [ 29.90086818  32.97393585  53.06588851  28.5362749   34.7320309
  87.71948878  68.3699913   88.49637502  47.14855899  45.48207451
  24.51615803  23.13747234  24.05008017  71.39312361 120.4208663
  27.14527765  86.64645757  19.60495606  39.6567631   29.88776177]
0013000003 1000 999 [ 30.51932923  33.17717637  49.88504752  28.88763031  32.91397845
  87.6528914   53.66042645  85.64361692  48.76379378  46.33664673
  22.8891681   26.19703867  23.83032886 124.43020156 123.94316786
  21.03172589  90.0174951   21.80277069  40.67847039  40.62349922]
0005000004 1000 999 [ 26.07205652  39.47154184  39.90729824  31.5322233   40.14127575
 150.50351867  49.64321207  87.5254203   47.73233053  46.21993243
  25.18208469  23.31687758  24.81124708 118.69744756 114.14078824
  23.82672029  94.25807438  25.16394972  39.8034196   34.93498473]
0004000005 1000 999 [ 29.79023541  47.22492615  33.58950506  27.34356271  99.90512132
 161.57623572  48.14640389  84.72941639  42.2744981   49.42924281
  25.82863267  28.84529167  27.02009163 117.01566354  96.43410634
  27.01268801  95.85718575  29.31388008  32.73639557  28.81132072]
0015000006 1000 999 [ 41.21387602  48.58675601  41.03175016  21.73470594 105.27655522
 163.45847723  36.19828974  86.75653275  46.96179075  48.81865746
  29.23851213  26.87737346  30.56869072 106.1639381   88.33306045
  73.43630733 102.79099663  34.17482381  29.6312167   21.63209293]
0008000007 1000 999 [ 42.79608727  52.13180495  36.31356725  21.82515277 109.134712
 165.19259574  24.376237    85.45724671  97.37746906  48.92680441
  23.34417595  23.65657103  31.32746681 104.16051412  96.77094203
  71.1538249  112.61072029  27.51829242  30.61004846  28.20017035]
0019000008 1000 999 [ 42.29629624  55.74687376  33.11304922  23.14392631 113.08691565
 166.10568242  22.93506827  86.08928466  95.46811828  47.98480633
  17.22395129  22.97670458  31.21054463  99.28152231 105.85120553
  67.13226278 124.07114269  21.42958361  29.5228004   78.21466458]
0007000009 1000 999 [ 51.08313293  58.07071235  30.84687325  22.31723979 110.28454354
 164.36528436  20.67588293 143.42928034  93.37868939  45.25527619
  20.04926486  22.36038202  27.87746547  96.2889073  116.18639274
  61.63892445 118.14488663  24.73640181  32.62975132  73.26511188]
0010000010 1000 999 [ 60.95435274  60.72823669  27.91981294  22.15143759 106.85637589
 162.62488629  20.54343362 151.72298789  91.28926049  43.79899462
  69.8140656   22.34315149  24.5443863   93.19551915 126.52157994
  55.02196539 111.61953855  27.11810893  35.80075024  68.31555918]
0000000011 1000 999 [121.93931285  61.94006097  25.39560101  22.0610622  107.18028869
 159.34553189  26.98857278 158.45588313  87.58092293  43.1544953
  62.24778304  22.14235809  25.16218444  91.2103311  130.98813279
  50.85256532 107.46217453  25.903223    39.47077934  63.40314011]
0002000012 1000 999 [132.92427297  63.26972065  75.37425435  22.05519858 107.36055883
 157.72616569  26.95260178 165.18877838  84.12451984  43.07584672
  54.71064342  23.14483453  26.4180196   89.22514306 134.06924685
  47.67245343 103.78899954  24.52572726  42.68773496  58.58968308]
0003000013 1000 999 [139.96665563  59.19406424  71.3916121   73.21631393 106.15353328
 156.55485916  25.36180729 162.9822641   80.44131047  45.98899547
  47.17568523  31.26503926  29.32469924  91.71697652 151.8940755
  47.91997082 102.85159187  23.94142271  38.27609471  47.26743199]
0014000014 1000 999 [147.91841433  55.07216764  67.41419124  63.68855216 101.87536807
 156.42325043  26.39483003 161.09398191  78.6170173   50.02302171
  39.57084614  38.31912636  32.2220924   92.55808669 219.01717707
  50.92335659 105.20219721  22.39439547  35.26351602  38.89281474]
0005000015 1000 999 [154.32295544  54.56661082  63.14839511  53.9733459   99.17331968
 206.25356516  24.9617602  165.10919296  75.55365954  54.12525711
  33.67782151  40.74607902  31.46318171  94.81275692 230.50012032
  53.15310172 109.38425504  24.16398536  29.43295071  34.3620893 ]
0008000016 1000 999 [154.0507006   53.59034514  58.78745225  45.31097561  89.78765189
 211.34796864  34.34444783 164.6418606  125.38668532  57.37496813
  27.44756706  41.9681517   27.61290537  99.42176375 238.96751822
  51.99564933 118.57960613  20.52443698  26.41105325  35.33269573]
0013000017 1000 999 [161.17991013  52.97209058  56.07976858  36.54182475  85.64731144
 212.43147172  27.13279024 168.42998301 123.15395683  64.49905137
  23.39543547  42.45132796  25.50351326 150.66752868 252.54220084
  54.35956017 121.32059398  23.53254198  22.8632939   28.18024865]
Peer 14
0000000000 21 20 [ 0.20137098 34.18551507 60.31592068 33.36265965 31.19507747 48.87105402
 80.26127671 93.89285607 59.37892057 54.89059855 10.09066281 17.16046486
  1.01858856 77.30336306 69.03264058 29.00227344 83.28893556 28.91855006
 38.57209413 31.94158072]
0014000001 2 1 [  0.20137098  34.18551507  60.31592068  33.36265965  31.19507747
  48.87105402  80.26127671  93.89285607  59.37892057  54.89059855
  10.09066281  17.16046486   1.01858856  77.30336306 119.03264058
  29.00227344  83.28893556  28.91855006  38.57209413  31.94158072]
0005000002 1000 999 [ 29.90086818  32.97393585  53.06588851  28.5362749   34.7320309
  87.71948878  68.3699913   88.49637502  47.14855899  45.48207451
  24.51615803  23.13747234  24.05008017  71.39312361 120.4208663
  27.14527765  86.64645757  19.60495606  39.6567631   29.88776177]
0013000003 1000 999 [ 30.51932923  33.17717637  49.88504752  28.88763031  32.91397845
  87.6528914   53.66042645  85.64361692  48.76379378  46.33664673
  22.8891681   26.19703867  23.83032886 124.43020156 123.94316786
  21.03172589  90.0174951   21.80277069  40.67847039  40.62349922]
0005000004 1000 999 [ 26.07205652  39.47154184  39.90729824  31.5322233   40.14127575
 150.50351867  49.64321207  87.5254203   47.73233053  46.21993243
  25.18208469  23.31687758  24.81124708 118.69744756 114.14078824
  23.82672029  94.25807438  25.16394972  39.8034196   34.93498473]
0004000005 1000 999 [ 29.79023541  47.22492615  33.58950506  27.34356271  99.90512132
 161.57623572  48.14640389  84.72941639  42.2744981   49.42924281
  25.82863267  28.84529167  27.02009163 117.01566354  96.43410634
  27.01268801  95.85718575  29.31388008  32.73639557  28.81132072]
0015000006 1000 999 [ 41.21387602  48.58675601  41.03175016  21.73470594 105.27655522
 163.45847723  36.19828974  86.75653275  46.96179075  48.81865746
  29.23851213  26.87737346  30.56869072 106.1639381   88.33306045
  73.43630733 102.79099663  34.17482381  29.6312167   21.63209293]
0008000007 1000 999 [ 42.79608727  52.13180495  36.31356725  21.82515277 109.134712
 165.19259574  24.376237    85.45724671  97.37746906  48.92680441
  23.34417595  23.65657103  31.32746681 104.16051412  96.77094203
  71.1538249  112.61072029  27.51829242  30.61004846  28.20017035]
0019000008 1000 999 [ 42.29629624  55.74687376  33.11304922  23.14392631 113.08691565
 166.10568242  22.93506827  86.08928466  95.46811828  47.98480633
  17.22395129  22.97670458  31.21054463  99.28152231 105.85120553
  67.13226278 124.07114269  21.42958361  29.5228004   78.21466458]
0007000009 1000 999 [ 51.08313293  58.07071235  30.84687325  22.31723979 110.28454354
 164.36528436  20.67588293 143.42928034  93.37868939  45.25527619
  20.04926486  22.36038202  27.87746547  96.2889073  116.18639274
  61.63892445 118.14488663  24.73640181  32.62975132  73.26511188]
0010000010 1000 999 [ 60.95435274  60.72823669  27.91981294  22.15143759 106.85637589
 162.62488629  20.54343362 151.72298789  91.28926049  43.79899462
  69.8140656   22.34315149  24.5443863   93.19551915 126.52157994
  55.02196539 111.61953855  27.11810893  35.80075024  68.31555918]
0000000011 1000 999 [121.93931285  61.94006097  25.39560101  22.0610622  107.18028869
 159.34553189  26.98857278 158.45588313  87.58092293  43.1544953
  62.24778304  22.14235809  25.16218444  91.2103311  130.98813279
  50.85256532 107.46217453  25.903223    39.47077934  63.40314011]
0002000012 1000 999 [132.92427297  63.26972065  75.37425435  22.05519858 107.36055883
 157.72616569  26.95260178 165.18877838  84.12451984  43.07584672
  54.71064342  23.14483453  26.4180196   89.22514306 134.06924685
  47.67245343 103.78899954  24.52572726  42.68773496  58.58968308]
0003000013 1000 999 [139.96665563  59.19406424  71.3916121   73.21631393 106.15353328
 156.55485916  25.36180729 162.9822641   80.44131047  45.98899547
  47.17568523  31.26503926  29.32469924  91.71697652 151.8940755
  47.91997082 102.85159187  23.94142271  38.27609471  47.26743199]
0014000014 1000 999 [147.91841433  55.07216764  67.41419124  63.68855216 101.87536807
 156.42325043  26.39483003 161.09398191  78.6170173   50.02302171
  39.57084614  38.31912636  32.2220924   92.55808669 219.01717707
  50.92335659 105.20219721  22.39439547  35.26351602  38.89281474]
0005000015 1000 999 [154.32295544  54.56661082  63.14839511  53.9733459   99.17331968
 206.25356516  24.9617602  165.10919296  75.55365954  54.12525711
  33.67782151  40.74607902  31.46318171  94.81275692 230.50012032
  53.15310172 109.38425504  24.16398536  29.43295071  34.3620893 ]
0008000016 1000 999 [154.0507006   53.59034514  58.78745225  45.31097561  89.78765189
 211.34796864  34.34444783 164.6418606  125.38668532  57.37496813
  27.44756706  41.9681517   27.61290537  99.42176375 238.96751822
  51.99564933 118.57960613  20.52443698  26.41105325  35.33269573]
0013000017 1000 999 [161.17991013  52.97209058  56.07976858  36.54182475  85.64731144
 212.43147172  27.13279024 168.42998301 123.15395683  64.49905137
  23.39543547  42.45132796  25.50351326 150.66752868 252.54220084
  54.35956017 121.32059398  23.53254198  22.8632939   28.18024865]
Peer 15
0000000000 21 20 [ 0.20137098 34.18551507 60.31592068 33.36265965 31.19507747 48.87105402
 80.26127671 93.89285607 59.37892057 54.89059855 10.09066281 17.16046486
  1.01858856 77.30336306 69.03264058 29.00227344 83.28893556 28.91855006
 38.57209413 31.94158072]
0014000001 2 1 [  0.20137098  34.18551507  60.31592068  33.36265965  31.19507747
  48.87105402  80.26127671  93.89285607  59.37892057  54.89059855
  10.09066281  17.16046486   1.01858856  77.30336306 119.03264058
  29.00227344  83.28893556  28.91855006  38.57209413  31.94158072]
0005000002 1000 999 [ 29.90086818  32.97393585  53.06588851  28.5362749   34.7320309
  87.71948878  68.3699913   88.49637502  47.14855899  45.48207451
  24.51615803  23.13747234  24.05008017  71.39312361 120.4208663
  27.14527765  86.64645757  19.60495606  39.6567631   29.88776177]
0013000003 1000 999 [ 30.51932923  33.17717637  49.88504752  28.88763031  32.91397845
  87.6528914   53.66042645  85.64361692  48.76379378  46.33664673
  22.8891681   26.19703867  23.83032886 124.43020156 123.94316786
  21.03172589  90.0174951   21.80277069  40.67847039  40.62349922]
0005000004 1000 999 [ 26.07205652  39.47154184  39.90729824  31.5322233   40.14127575
 150.50351867  49.64321207  87.5254203   47.73233053  46.21993243
  25.18208469  23.31687758  24.81124708 118.69744756 114.14078824
  23.82672029  94.25807438  25.16394972  39.8034196   34.93498473]
0004000005 1000 999 [ 29.79023541  47.22492615  33.58950506  27.34356271  99.90512132
 161.57623572  48.14640389  84.72941639  42.2744981   49.42924281
  25.82863267  28.84529167  27.02009163 117.01566354  96.43410634
  27.01268801  95.85718575  29.31388008  32.73639557  28.81132072]
0015000006 1000 999 [ 41.21387602  48.58675601  41.03175016  21.73470594 105.27655522
 163.45847723  36.19828974  86.75653275  46.96179075  48.81865746
  29.23851213  26.87737346  30.56869072 106.1639381   88.33306045
  73.43630733 102.79099663  34.17482381  29.6312167   21.63209293]
0008000007 1000 999 [ 42.79608727  52.13180495  36.31356725  21.82515277 109.134712
 165.19259574  24.376237    85.45724671  97.37746906  48.92680441
  23.34417595  23.65657103  31.32746681 104.16051412  96.77094203
  71.1538249  112.61072029  27.51829242  30.61004846  28.20017035]
0019000008 1000 999 [ 42.29629624  55.74687376  33.11304922  23.14392631 113.08691565
 166.10568242  22.93506827  86.08928466  95.46811828  47.98480633
  17.22395129  22.97670458  31.21054463  99.28152231 105.85120553
  67.13226278 124.07114269  21.42958361  29.5228004   78.21466458]
0007000009 1000 999 [ 51.08313293  58.07071235  30.84687325  22.31723979 110.28454354
 164.36528436  20.67588293 143.42928034  93.37868939  45.25527619
  20.04926486  22.36038202  27.87746547  96.2889073  116.18639274
  61.63892445 118.14488663  24.73640181  32.62975132  73.26511188]
0010000010 1000 999 [ 60.95435274  60.72823669  27.91981294  22.15143759 106.85637589
 162.62488629  20.54343362 151.72298789  91.28926049  43.79899462
  69.8140656   22.34315149  24.5443863   93.19551915 126.52157994
  55.02196539 111.61953855  27.11810893  35.80075024  68.31555918]
0000000011 1000 999 [121.93931285  61.94006097  25.39560101  22.0610622  107.18028869
 159.34553189  26.98857278 158.45588313  87.58092293  43.1544953
  62.24778304  22.14235809  25.16218444  91.2103311  130.98813279
  50.85256532 107.46217453  25.903223    39.47077934  63.40314011]
0002000012 1000 999 [132.92427297  63.26972065  75.37425435  22.05519858 107.36055883
 157.72616569  26.95260178 165.18877838  84.12451984  43.07584672
  54.71064342  23.14483453  26.4180196   89.22514306 134.06924685
  47.67245343 103.78899954  24.52572726  42.68773496  58.58968308]
0003000013 1000 999 [139.96665563  59.19406424  71.3916121   73.21631393 106.15353328
 156.55485916  25.36180729 162.9822641   80.44131047  45.98899547
  47.17568523  31.26503926  29.32469924  91.71697652 151.8940755
  47.91997082 102.85159187  23.94142271  38.27609471  47.26743199]
0014000014 1000 999 [147.91841433  55.07216764  67.41419124  63.68855216 101.87536807
 156.42325043  26.39483003 161.09398191  78.6170173   50.02302171
  39.57084614  38.31912636  32.2220924   92.55808669 219.01717707
  50.92335659 105.20219721  22.39439547  35.26351602  38.89281474]
0005000015 1000 999 [154.32295544  54.56661082  63.14839511  53.9733459   99.17331968
 206.25356516  24.9617602  165.10919296  75.55365954  54.12525711
  33.67782151  40.74607902  31.46318171  94.81275692 230.50012032
  53.15310172 109.38425504  24.16398536  29.43295071  34.3620893 ]
0008000016 1000 999 [154.0507006   53.59034514  58.78745225  45.31097561  89.78765189
 211.34796864  34.34444783 164.6418606  125.38668532  57.37496813
  27.44756706  41.9681517   27.61290537  99.42176375 238.96751822
  51.99564933 118.57960613  20.52443698  26.41105325  35.33269573]
0013000017 1000 999 [161.17991013  52.97209058  56.07976858  36.54182475  85.64731144
 212.43147172  27.13279024 168.42998301 123.15395683  64.49905137
  23.39543547  42.45132796  25.50351326 150.66752868 252.54220084
  54.35956017 121.32059398  23.53254198  22.8632939   28.18024865]
Peer 16
0000000000 21 20 [ 0.20137098 34.18551507 60.31592068 33.36265965 31.19507747 48.87105402
 80.26127671 93.89285607 59.37892057 54.89059855 10.09066281 17.16046486
  1.01858856 77.30336306 69.03264058 29.00227344 83.28893556 28.91855006
 38.57209413 31.94158072]
0014000001 2 1 [  0.20137098  34.18551507  60.31592068  33.36265965  31.19507747
  48.87105402  80.26127671  93.89285607  59.37892057  54.89059855
  10.09066281  17.16046486   1.01858856  77.30336306 119.03264058
  29.00227344  83.28893556  28.91855006  38.57209413  31.94158072]
0005000002 1000 999 [ 29.90086818  32.97393585  53.06588851  28.5362749   34.7320309
  87.71948878  68.3699913   88.49637502  47.14855899  45.48207451
  24.51615803  23.13747234  24.05008017  71.39312361 120.4208663
  27.14527765  86.64645757  19.60495606  39.6567631   29.88776177]
0013000003 1000 999 [ 30.51932923  33.17717637  49.88504752  28.88763031  32.91397845
  87.6528914   53.66042645  85.64361692  48.76379378  46.33664673
  22.8891681   26.19703867  23.83032886 124.43020156 123.94316786
  21.03172589  90.0174951   21.80277069  40.67847039  40.62349922]
0005000004 1000 999 [ 26.07205652  39.47154184  39.90729824  31.5322233   40.14127575
 150.50351867  49.64321207  87.5254203   47.73233053  46.21993243
  25.18208469  23.31687758  24.81124708 118.69744756 114.14078824
  23.82672029  94.25807438  25.16394972  39.8034196   34.93498473]
0004000005 1000 999 [ 29.79023541  47.22492615  33.58950506  27.34356271  99.90512132
 161.57623572  48.14640389  84.72941639  42.2744981   49.42924281
  25.82863267  28.84529167  27.02009163 117.01566354  96.43410634
  27.01268801  95.85718575  29.31388008  32.73639557  28.81132072]
0015000006 1000 999 [ 41.21387602  48.58675601  41.03175016  21.73470594 105.27655522
 163.45847723  36.19828974  86.75653275  46.96179075  48.81865746
  29.23851213  26.87737346  30.56869072 106.1639381   88.33306045
  73.43630733 102.79099663  34.17482381  29.6312167   21.63209293]
0008000007 1000 999 [ 42.79608727  52.13180495  36.31356725  21.82515277 109.134712
 165.19259574  24.376237    85.45724671  97.37746906  48.92680441
  23.34417595  23.65657103  31.32746681 104.16051412  96.77094203
  71.1538249  112.61072029  27.51829242  30.61004846  28.20017035]
0019000008 1000 999 [ 42.29629624  55.74687376  33.11304922  23.14392631 113.08691565
 166.10568242  22.93506827  86.08928466  95.46811828  47.98480633
  17.22395129  22.97670458  31.21054463  99.28152231 105.85120553
  67.13226278 124.07114269  21.42958361  29.5228004   78.21466458]
0007000009 1000 999 [ 51.08313293  58.07071235  30.84687325  22.31723979 110.28454354
 164.36528436  20.67588293 143.42928034  93.37868939  45.25527619
  20.04926486  22.36038202  27.87746547  96.2889073  116.18639274
  61.63892445 118.14488663  24.73640181  32.62975132  73.26511188]
0010000010 1000 999 [ 60.95435274  60.72823669  27.91981294  22.15143759 106.85637589
 162.62488629  20.54343362 151.72298789  91.28926049  43.79899462
  69.8140656   22.34315149  24.5443863   93.19551915 126.52157994
  55.02196539 111.61953855  27.11810893  35.80075024  68.31555918]
0000000011 1000 999 [121.93931285  61.94006097  25.39560101  22.0610622  107.18028869
 159.34553189  26.98857278 158.45588313  87.58092293  43.1544953
  62.24778304  22.14235809  25.16218444  91.2103311  130.98813279
  50.85256532 107.46217453  25.903223    39.47077934  63.40314011]
0002000012 1000 999 [132.92427297  63.26972065  75.37425435  22.05519858 107.36055883
 157.72616569  26.95260178 165.18877838  84.12451984  43.07584672
  54.71064342  23.14483453  26.4180196   89.22514306 134.06924685
  47.67245343 103.78899954  24.52572726  42.68773496  58.58968308]
0003000013 1000 999 [139.96665563  59.19406424  71.3916121   73.21631393 106.15353328
 156.55485916  25.36180729 162.9822641   80.44131047  45.98899547
  47.17568523  31.26503926  29.32469924  91.71697652 151.8940755
  47.91997082 102.85159187  23.94142271  38.27609471  47.26743199]
0014000014 1000 999 [147.91841433  55.07216764  67.41419124  63.68855216 101.87536807
 156.42325043  26.39483003 161.09398191  78.6170173   50.02302171
  39.57084614  38.31912636  32.2220924   92.55808669 219.01717707
  50.92335659 105.20219721  22.39439547  35.26351602  38.89281474]
0005000015 1000 999 [154.32295544  54.56661082  63.14839511  53.9733459   99.17331968
 206.25356516  24.9617602  165.10919296  75.55365954  54.12525711
  33.67782151  40.74607902  31.46318171  94.81275692 230.50012032
  53.15310172 109.38425504  24.16398536  29.43295071  34.3620893 ]
0008000016 1000 999 [154.0507006   53.59034514  58.78745225  45.31097561  89.78765189
 211.34796864  34.34444783 164.6418606  125.38668532  57.37496813
  27.44756706  41.9681517   27.61290537  99.42176375 238.96751822
  51.99564933 118.57960613  20.52443698  26.41105325  35.33269573]
0013000017 1000 999 [161.17991013  52.97209058  56.07976858  36.54182475  85.64731144
 212.43147172  27.13279024 168.42998301 123.15395683  64.49905137
  23.39543547  42.45132796  25.50351326 150.66752868 252.54220084
  54.35956017 121.32059398  23.53254198  22.8632939   28.18024865]
Peer 17
0000000000 21 20 [ 0.20137098 34.18551507 60.31592068 33.36265965 31.19507747 48.87105402
 80.26127671 93.89285607 59.37892057 54.89059855 10.09066281 17.16046486
  1.01858856 77.30336306 69.03264058 29.00227344 83.28893556 28.91855006
 38.57209413 31.94158072]
0014000001 2 1 [  0.20137098  34.18551507  60.31592068  33.36265965  31.19507747
  48.87105402  80.26127671  93.89285607  59.37892057  54.89059855
  10.09066281  17.16046486   1.01858856  77.30336306 119.03264058
  29.00227344  83.28893556  28.91855006  38.57209413  31.94158072]
0005000002 1000 999 [ 29.90086818  32.97393585  53.06588851  28.5362749   34.7320309
  87.71948878  68.3699913   88.49637502  47.14855899  45.48207451
  24.51615803  23.13747234  24.05008017  71.39312361 120.4208663
  27.14527765  86.64645757  19.60495606  39.6567631   29.88776177]
0013000003 1000 999 [ 30.51932923  33.17717637  49.88504752  28.88763031  32.91397845
  87.6528914   53.66042645  85.64361692  48.76379378  46.33664673
  22.8891681   26.19703867  23.83032886 124.43020156 123.94316786
  21.03172589  90.0174951   21.80277069  40.67847039  40.62349922]
0005000004 1000 999 [ 26.07205652  39.47154184  39.90729824  31.5322233   40.14127575
 150.50351867  49.64321207  87.5254203   47.73233053  46.21993243
  25.18208469  23.31687758  24.81124708 118.69744756 114.14078824
  23.82672029  94.25807438  25.16394972  39.8034196   34.93498473]
0004000005 1000 999 [ 29.79023541  47.22492615  33.58950506  27.34356271  99.90512132
 161.57623572  48.14640389  84.72941639  42.2744981   49.42924281
  25.82863267  28.84529167  27.02009163 117.01566354  96.43410634
  27.01268801  95.85718575  29.31388008  32.73639557  28.81132072]
0015000006 1000 999 [ 41.21387602  48.58675601  41.03175016  21.73470594 105.27655522
 163.45847723  36.19828974  86.75653275  46.96179075  48.81865746
  29.23851213  26.87737346  30.56869072 106.1639381   88.33306045
  73.43630733 102.79099663  34.17482381  29.6312167   21.63209293]
0008000007 1000 999 [ 42.79608727  52.13180495  36.31356725  21.82515277 109.134712
 165.19259574  24.376237    85.45724671  97.37746906  48.92680441
  23.34417595  23.65657103  31.32746681 104.16051412  96.77094203
  71.1538249  112.61072029  27.51829242  30.61004846  28.20017035]
0019000008 1000 999 [ 42.29629624  55.74687376  33.11304922  23.14392631 113.08691565
 166.10568242  22.93506827  86.08928466  95.46811828  47.98480633
  17.22395129  22.97670458  31.21054463  99.28152231 105.85120553
  67.13226278 124.07114269  21.42958361  29.5228004   78.21466458]
0007000009 1000 999 [ 51.08313293  58.07071235  30.84687325  22.31723979 110.28454354
 164.36528436  20.67588293 143.42928034  93.37868939  45.25527619
  20.04926486  22.36038202  27.87746547  96.2889073  116.18639274
  61.63892445 118.14488663  24.73640181  32.62975132  73.26511188]
0010000010 1000 999 [ 60.95435274  60.72823669  27.91981294  22.15143759 106.85637589
 162.62488629  20.54343362 151.72298789  91.28926049  43.79899462
  69.8140656   22.34315149  24.5443863   93.19551915 126.52157994
  55.02196539 111.61953855  27.11810893  35.80075024  68.31555918]
0000000011 1000 999 [121.93931285  61.94006097  25.39560101  22.0610622  107.18028869
 159.34553189  26.98857278 158.45588313  87.58092293  43.1544953
  62.24778304  22.14235809  25.16218444  91.2103311  130.98813279
  50.85256532 107.46217453  25.903223    39.47077934  63.40314011]
0002000012 1000 999 [132.92427297  63.26972065  75.37425435  22.05519858 107.36055883
 157.72616569  26.95260178 165.18877838  84.12451984  43.07584672
  54.71064342  23.14483453  26.4180196   89.22514306 134.06924685
  47.67245343 103.78899954  24.52572726  42.68773496  58.58968308]
0003000013 1000 999 [139.96665563  59.19406424  71.3916121   73.21631393 106.15353328
 156.55485916  25.36180729 162.9822641   80.44131047  45.98899547
  47.17568523  31.26503926  29.32469924  91.71697652 151.8940755
  47.91997082 102.85159187  23.94142271  38.27609471  47.26743199]
0014000014 1000 999 [147.91841433  55.07216764  67.41419124  63.68855216 101.87536807
 156.42325043  26.39483003 161.09398191  78.6170173   50.02302171
  39.57084614  38.31912636  32.2220924   92.55808669 219.01717707
  50.92335659 105.20219721  22.39439547  35.26351602  38.89281474]
0005000015 1000 999 [154.32295544  54.56661082  63.14839511  53.9733459   99.17331968
 206.25356516  24.9617602  165.10919296  75.55365954  54.12525711
  33.67782151  40.74607902  31.46318171  94.81275692 230.50012032
  53.15310172 109.38425504  24.16398536  29.43295071  34.3620893 ]
0008000016 1000 999 [154.0507006   53.59034514  58.78745225  45.31097561  89.78765189
 211.34796864  34.34444783 164.6418606  125.38668532  57.37496813
  27.44756706  41.9681517   27.61290537  99.42176375 238.96751822
  51.99564933 118.57960613  20.52443698  26.41105325  35.33269573]
0013000017 1000 999 [161.17991013  52.97209058  56.07976858  36.54182475  85.64731144
 212.43147172  27.13279024 168.42998301 123.15395683  64.49905137
  23.39543547  42.45132796  25.50351326 150.66752868 252.54220084
  54.35956017 121.32059398  23.53254198  22.8632939   28.18024865]
Peer 18
0000000000 21 20 [ 0.20137098 34.18551507 60.31592068 33.36265965 31.19507747 48.87105402
 80.26127671 93.89285607 59.37892057 54.89059855 10.09066281 17.16046486
  1.01858856 77.30336306 69.03264058 29.00227344 83.28893556 28.91855006
 38.57209413 31.94158072]
0014000001 2 1 [  0.20137098  34.18551507  60.31592068  33.36265965  31.19507747
  48.87105402  80.26127671  93.89285607  59.37892057  54.89059855
  10.09066281  17.16046486   1.01858856  77.30336306 119.03264058
  29.00227344  83.28893556  28.91855006  38.57209413  31.94158072]
0005000002 1000 999 [ 29.90086818  32.97393585  53.06588851  28.5362749   34.7320309
  87.71948878  68.3699913   88.49637502  47.14855899  45.48207451
  24.51615803  23.13747234  24.05008017  71.39312361 120.4208663
  27.14527765  86.64645757  19.60495606  39.6567631   29.88776177]
0013000003 1000 999 [ 30.51932923  33.17717637  49.88504752  28.88763031  32.91397845
  87.6528914   53.66042645  85.64361692  48.76379378  46.33664673
  22.8891681   26.19703867  23.83032886 124.43020156 123.94316786
  21.03172589  90.0174951   21.80277069  40.67847039  40.62349922]
0005000004 1000 999 [ 26.07205652  39.47154184  39.90729824  31.5322233   40.14127575
 150.50351867  49.64321207  87.5254203   47.73233053  46.21993243
  25.18208469  23.31687758  24.81124708 118.69744756 114.14078824
  23.82672029  94.25807438  25.16394972  39.8034196   34.93498473]
0004000005 1000 999 [ 29.79023541  47.22492615  33.58950506  27.34356271  99.90512132
 161.57623572  48.14640389  84.72941639  42.2744981   49.42924281
  25.82863267  28.84529167  27.02009163 117.01566354  96.43410634
  27.01268801  95.85718575  29.31388008  32.73639557  28.81132072]
0015000006 1000 999 [ 41.21387602  48.58675601  41.03175016  21.73470594 105.27655522
 163.45847723  36.19828974  86.75653275  46.96179075  48.81865746
  29.23851213  26.87737346  30.56869072 106.1639381   88.33306045
  73.43630733 102.79099663  34.17482381  29.6312167   21.63209293]
0008000007 1000 999 [ 42.79608727  52.13180495  36.31356725  21.82515277 109.134712
 165.19259574  24.376237    85.45724671  97.37746906  48.92680441
  23.34417595  23.65657103  31.32746681 104.16051412  96.77094203
  71.1538249  112.61072029  27.51829242  30.61004846  28.20017035]
0019000008 1000 999 [ 42.29629624  55.74687376  33.11304922  23.14392631 113.08691565
 166.10568242  22.93506827  86.08928466  95.46811828  47.98480633
  17.22395129  22.97670458  31.21054463  99.28152231 105.85120553
  67.13226278 124.07114269  21.42958361  29.5228004   78.21466458]
0007000009 1000 999 [ 51.08313293  58.07071235  30.84687325  22.31723979 110.28454354
 164.36528436  20.67588293 143.42928034  93.37868939  45.25527619
  20.04926486  22.36038202  27.87746547  96.2889073  116.18639274
  61.63892445 118.14488663  24.73640181  32.62975132  73.26511188]
0010000010 1000 999 [ 60.95435274  60.72823669  27.91981294  22.15143759 106.85637589
 162.62488629  20.54343362 151.72298789  91.28926049  43.79899462
  69.8140656   22.34315149  24.5443863   93.19551915 126.52157994
  55.02196539 111.61953855  27.11810893  35.80075024  68.31555918]
0000000011 1000 999 [121.93931285  61.94006097  25.39560101  22.0610622  107.18028869
 159.34553189  26.98857278 158.45588313  87.58092293  43.1544953
  62.24778304  22.14235809  25.16218444  91.2103311  130.98813279
  50.85256532 107.46217453  25.903223    39.47077934  63.40314011]
0002000012 1000 999 [132.92427297  63.26972065  75.37425435  22.05519858 107.36055883
 157.72616569  26.95260178 165.18877838  84.12451984  43.07584672
  54.71064342  23.14483453  26.4180196   89.22514306 134.06924685
  47.67245343 103.78899954  24.52572726  42.68773496  58.58968308]
0003000013 1000 999 [139.96665563  59.19406424  71.3916121   73.21631393 106.15353328
 156.55485916  25.36180729 162.9822641   80.44131047  45.98899547
  47.17568523  31.26503926  29.32469924  91.71697652 151.8940755
  47.91997082 102.85159187  23.94142271  38.27609471  47.26743199]
0014000014 1000 999 [147.91841433  55.07216764  67.41419124  63.68855216 101.87536807
 156.42325043  26.39483003 161.09398191  78.6170173   50.02302171
  39.57084614  38.31912636  32.2220924   92.55808669 219.01717707
  50.92335659 105.20219721  22.39439547  35.26351602  38.89281474]
0005000015 1000 999 [154.32295544  54.56661082  63.14839511  53.9733459   99.17331968
 206.25356516  24.9617602  165.10919296  75.55365954  54.12525711
  33.67782151  40.74607902  31.46318171  94.81275692 230.50012032
  53.15310172 109.38425504  24.16398536  29.43295071  34.3620893 ]
0008000016 1000 999 [154.0507006   53.59034514  58.78745225  45.31097561  89.78765189
 211.34796864  34.34444783 164.6418606  125.38668532  57.37496813
  27.44756706  41.9681517   27.61290537  99.42176375 238.96751822
  51.99564933 118.57960613  20.52443698  26.41105325  35.33269573]
0013000017 1000 999 [161.17991013  52.97209058  56.07976858  36.54182475  85.64731144
 212.43147172  27.13279024 168.42998301 123.15395683  64.49905137
  23.39543547  42.45132796  25.50351326 150.66752868 252.54220084
  54.35956017 121.32059398  23.53254198  22.8632939   28.18024865]
Peer 19
0000000000 21 20 [ 0.20137098 34.18551507 60.31592068 33.36265965 31.19507747 48.87105402
 80.26127671 93.89285607 59.37892057 54.89059855 10.09066281 17.16046486
  1.01858856 77.30336306 69.03264058 29.00227344 83.28893556 28.91855006
 38.57209413 31.94158072]
0014000001 2 1 [  0.20137098  34.18551507  60.31592068  33.36265965  31.19507747
  48.87105402  80.26127671  93.89285607  59.37892057  54.89059855
  10.09066281  17.16046486   1.01858856  77.30336306 119.03264058
  29.00227344  83.28893556  28.91855006  38.57209413  31.94158072]
0005000002 1000 999 [ 29.90086818  32.97393585  53.06588851  28.5362749   34.7320309
  87.71948878  68.3699913   88.49637502  47.14855899  45.48207451
  24.51615803  23.13747234  24.05008017  71.39312361 120.4208663
  27.14527765  86.64645757  19.60495606  39.6567631   29.88776177]
0013000003 1000 999 [ 30.51932923  33.17717637  49.88504752  28.88763031  32.91397845
  87.6528914   53.66042645  85.64361692  48.76379378  46.33664673
  22.8891681   26.19703867  23.83032886 124.43020156 123.94316786
  21.03172589  90.0174951   21.80277069  40.67847039  40.62349922]
0005000004 1000 999 [ 26.07205652  39.47154184  39.90729824  31.5322233   40.14127575
 150.50351867  49.64321207  87.5254203   47.73233053  46.21993243
  25.18208469  23.31687758  24.81124708 118.69744756 114.14078824
  23.82672029  94.25807438  25.16394972  39.8034196   34.93498473]
0004000005 1000 999 [ 29.79023541  47.22492615  33.58950506  27.34356271  99.90512132
 161.57623572  48.14640389  84.72941639  42.2744981   49.42924281
  25.82863267  28.84529167  27.02009163 117.01566354  96.43410634
  27.01268801  95.85718575  29.31388008  32.73639557  28.81132072]
0015000006 1000 999 [ 41.21387602  48.58675601  41.03175016  21.73470594 105.27655522
 163.45847723  36.19828974  86.75653275  46.96179075  48.81865746
  29.23851213  26.87737346  30.56869072 106.1639381   88.33306045
  73.43630733 102.79099663  34.17482381  29.6312167   21.63209293]
0008000007 1000 999 [ 42.79608727  52.13180495  36.31356725  21.82515277 109.134712
 165.19259574  24.376237    85.45724671  97.37746906  48.92680441
  23.34417595  23.65657103  31.32746681 104.16051412  96.77094203
  71.1538249  112.61072029  27.51829242  30.61004846  28.20017035]
0019000008 1000 999 [ 42.29629624  55.74687376  33.11304922  23.14392631 113.08691565
 166.10568242  22.93506827  86.08928466  95.46811828  47.98480633
  17.22395129  22.97670458  31.21054463  99.28152231 105.85120553
  67.13226278 124.07114269  21.42958361  29.5228004   78.21466458]
0007000009 1000 999 [ 51.08313293  58.07071235  30.84687325  22.31723979 110.28454354
 164.36528436  20.67588293 143.42928034  93.37868939  45.25527619
  20.04926486  22.36038202  27.87746547  96.2889073  116.18639274
  61.63892445 118.14488663  24.73640181  32.62975132  73.26511188]
0010000010 1000 999 [ 60.95435274  60.72823669  27.91981294  22.15143759 106.85637589
 162.62488629  20.54343362 151.72298789  91.28926049  43.79899462
  69.8140656   22.34315149  24.5443863   93.19551915 126.52157994
  55.02196539 111.61953855  27.11810893  35.80075024  68.31555918]
0000000011 1000 999 [121.93931285  61.94006097  25.39560101  22.0610622  107.18028869
 159.34553189  26.98857278 158.45588313  87.58092293  43.1544953
  62.24778304  22.14235809  25.16218444  91.2103311  130.98813279
  50.85256532 107.46217453  25.903223    39.47077934  63.40314011]
0002000012 1000 999 [132.92427297  63.26972065  75.37425435  22.05519858 107.36055883
 157.72616569  26.95260178 165.18877838  84.12451984  43.07584672
  54.71064342  23.14483453  26.4180196   89.22514306 134.06924685
  47.67245343 103.78899954  24.52572726  42.68773496  58.58968308]
0003000013 1000 999 [139.96665563  59.19406424  71.3916121   73.21631393 106.15353328
 156.55485916  25.36180729 162.9822641   80.44131047  45.98899547
  47.17568523  31.26503926  29.32469924  91.71697652 151.8940755
  47.91997082 102.85159187  23.94142271  38.27609471  47.26743199]
0014000014 1000 999 [147.91841433  55.07216764  67.41419124  63.68855216 101.87536807
 156.42325043  26.39483003 161.09398191  78.6170173   50.02302171
  39.57084614  38.31912636  32.2220924   92.55808669 219.01717707
  50.92335659 105.20219721  22.39439547  35.26351602  38.89281474]
0005000015 1000 999 [154.32295544  54.56661082  63.14839511  53.9733459   99.17331968
 206.25356516  24.9617602  165.10919296  75.55365954  54.12525711
  33.67782151  40.74607902  31.46318171  94.81275692 230.50012032
  53.15310172 109.38425504  24.16398536  29.43295071  34.3620893 ]
0008000016 1000 999 [154.0507006   53.59034514  58.78745225  45.31097561  89.78765189
 211.34796864  34.34444783 164.6418606  125.38668532  57.37496813
  27.44756706  41.9681517   27.61290537  99.42176375 238.96751822
  51.99564933 118.57960613  20.52443698  26.41105325  35.33269573]
0013000017 1000 999 [161.17991013  52.97209058  56.07976858  36.54182475  85.64731144
 212.43147172  27.13279024 168.42998301 123.15395683  64.49905137
  23.39543547  42.45132796  25.50351326 150.66752868 252.54220084
  54.35956017 121.32059398  23.53254198  22.8632939   28.18024865]
